Basin,OrigFRI,OrigDRI,ParetoBestFRI,ParetoBestDRI,SurplusFRI,SurplusDRI,RelSurplusFRI,RelSurplusDRI
ABHE BAD (also ABHE BID HAYK),-0.2330633848905563,0.4958175420761108,-0.4326544404029846,0.3512001633644104,0.1995910555124283,0.1446173787117003,-0.8563810038464592,-0.29167459083063424
ACARAU,-0.0339673571288585,0.3600535690784454,-0.1558782309293747,0.2896812558174133,0.1219108738005162,0.0703723132610321,-3.589059735734969,-0.1954495644666141
AISEN,-0.4966653287410736,0.7079262733459473,-0.8346530795097351,0.459941953420639,0.3379877507686615,0.2479843199253082,-0.6805140830453751,-0.350296816578418
ALAKOL,0.1183456629514694,0.2416810840368271,0.1149122193455696,0.2395521402359008,0.0034334436058997,0.0021289438009262,-0.029011993513507688,-0.00880889710260438
ALAZEYA,-1.1195603609085083,1.1766798496246338,-1.767813205718994,0.6946889162063599,0.6482528448104856,0.4819909334182739,-0.5790244701808102,-0.4096194335035407
ALBANY,-0.9687432050704956,1.0572309494018557,-1.547713279724121,0.6247280240058899,0.5789700746536255,0.4325029253959658,-0.5976507206690485,-0.4090902991826534
ALSEK,0.1177920997142791,0.2582488358020782,0.1102489307522773,0.2509942054748535,0.0075431689620018,0.0072546303272246,-0.06403798710014331,-0.02809162838892572
ALTAMAHA,0.1296600997447967,0.2314263880252838,0.1279142796993255,0.2304191887378692,0.0017458200454711,0.0010071992874146,-0.013464589715011781,-0.004352136746413584
AMACURO (also AMAKURA),0.1020303070545196,0.2598373293876648,0.0894689708948135,0.2352286428213119,0.0125613361597061,0.0246086865663529,-0.12311377395928044,-0.0947080491642443
AMAZON (also AMAZONAS),-1.2103307247161863,1.246058225631714,-1.89913809299469,0.7289735674858093,0.6888073682785036,0.5170846581459048,-0.5691067360452441,-0.4149763209369758
AMUR,-1.0039793252944946,1.0929235219955444,-1.598867654800415,0.6508312821388245,0.5948883295059204,0.4420922398567199,-0.5925304580663784,-0.40450427770967334
ANABAR,-0.4579623639583587,0.6918941140174866,-0.7837138772010803,0.4512709677219391,0.3257515132427216,0.2406231462955474,-0.7113062969347876,-0.3477745241947037
ANADYR,-2.579896926879883,2.282088279724121,-3.951068162918091,1.245045781135559,1.371171236038208,1.037042498588562,-0.5314829525753563,-0.4544269859332211
ANDERSON,-0.3949305713176727,0.6239745020866394,-0.6793321967124939,0.4146263599395752,0.2844016253948212,0.2093481421470642,-0.7201306914426115,-0.3355075270655788
ANGERMANALVEN,-3.082358121871948,2.641329288482666,-4.71220064163208,1.407083511352539,1.6298425197601325,1.234245777130127,-0.5287648142488752,-0.4672820547259936
APALACHICOLA,0.1300344467163086,0.2426172643899917,0.1217744648456573,0.2381379306316375,0.0082599818706513,0.0044793337583542,-0.06352149049145263,-0.01846255158146525
ARAGUARI,-0.523745059967041,0.7213817834854126,-0.865645706653595,0.4682649970054626,0.3419006466865539,0.25311678647995,-0.6527997547281297,-0.3508777075808547
ARAL SEA,-0.6811293959617615,0.8445587754249573,-1.1009079217910769,0.5316188931465149,0.4197785258293154,0.3129398822784424,-0.6162977670881228,-0.37053653503390593
ARMERIA,0.0930791273713111,0.2671342492103576,0.0605901330709457,0.2482995688915252,0.0324889943003654,0.0188346803188323,-0.34904704435786515,-0.07050642279867617
ARNAUD,-0.6503418684005737,0.811477780342102,-1.050167441368103,0.5082962512969971,0.3998255729675293,0.303181529045105,-0.6147929149184954,-0.3736165504338147
ASHBURTON,-9.554604530334473,7.56088924407959,-14.4326171875,3.8611302375793457,4.878012657165527,3.699759006500244,-0.5105405086812909,-0.4893285547592527
ATOUI,0.1134929433465004,0.2535021007061004,0.1082665026187896,0.2444994151592254,0.0052264407277107,0.009002685546875,-0.046050799050599764,-0.035513258161565815
ATRATO,-1.0674740076065063,1.1301119327545166,-1.6991479396820068,0.6632496118545532,0.6316739320755005,0.4668623208999634,-0.5917464290225125,-0.4131115753835469
ATREK,0.124338299036026,0.2380417734384536,0.1211009919643402,0.2354253679513931,0.0032373070716858,0.0026164054870604,-0.026036282438991882,-0.010991371175181447
ATTAWAPISKAT,-0.8803139925003052,0.986604630947113,-1.414556622505188,0.590356707572937,0.5342426300048828,0.396247923374176,-0.6068773580293825,-0.40162787700863417
AZOPARDO,0.1089285314083099,0.2439520359039306,0.0986287891864776,0.2249602079391479,0.0102997422218322,0.0189918279647827,-0.09455504530052396,-0.07785066394060257
BACK,-1.4446560144424438,1.4230258464813232,-2.267047643661499,0.810857355594635,0.8223916292190552,0.6121684908866882,-0.5692646699266,-0.4301878932138727
BAKER,-0.2521728873252868,0.5231972932815552,-0.4691177308559418,0.3706456422805786,0.2169448435306549,0.1525516510009765,-0.8603020167303318,-0.2915757649359281
"BALEINE, GRANDE RIVIERE DE LA",-0.6096893548965454,0.7734571695327759,-0.9933746457099916,0.4898598194122314,0.3836852908134461,0.2835973501205445,-0.6293127602310712,-0.36666199667120264
"BALEINE, RIVIERE DE LA",0.1215957328677177,0.2367515712976455,0.1131070330739021,0.2226080894470214,0.0084886997938155,0.0141434818506241,-0.06981083623263604,-0.05973975916232818
BANCANNIA LAKE,-5.58723783493042,4.555729389190674,-8.474148750305176,2.3741517066955566,2.886910915374756,2.181577682495117,-0.5166973378735197,-0.4788646331082178
BANDAMA,-2.8817689418792725,2.5168397426605225,-4.420876502990723,1.3560620546340942,1.5391075611114502,1.1607776880264282,-0.5340843045201814,-0.4612044495130959
BARAKA,0.0220684856176376,0.318916767835617,-0.0458745807409286,0.2692130506038666,0.0679430663585662,0.0497037172317504,-3.0787371428995867,-0.155851689985049
BENGAWAN SOLO,-1.1821483373641968,1.202009677886963,-1.8777432441711424,0.6905410289764404,0.6955949068069456,0.5114686489105225,-0.5884159244836348,-0.42551125695563746
BIA,-3.219477891921997,2.7649519443511963,-4.911849021911621,1.4769318103790283,1.692371129989624,1.288020133972168,-0.5256663306295589,-0.46583816279469026
BIOBIO,-0.7975741028785706,0.9215559363365172,-1.2964448928833008,0.546922504901886,0.4988707900047302,0.3746334314346312,-0.6254851909110727,-0.40652272603649026
BLACKWOOD,-1.038380146026611,1.1182560920715332,-1.648396372795105,0.6684052348136902,0.6100162267684939,0.449850857257843,-0.5874690777772832,-0.4022789238058242
BRAHMANI,-9.544187545776367,7.552911758422852,-14.41047477722168,3.863107919692993,4.8662872314453125,3.6898038387298575,-0.5098691961055201,-0.48852733313282326
BRAHMAPUTRA,-0.6096664071083069,0.7874985933303833,-0.999263882637024,0.4985067248344421,0.3895974755287171,0.2889918684959412,-0.6390338568539587,-0.36697445677175833
BRANTAS,-2.552943706512451,2.242229461669922,-3.9288864135742174,1.203949213027954,1.3759427070617671,1.0382802486419678,-0.5389631990520569,-0.4630570895579521
BRAZOS,-0.0757384970784187,0.406684547662735,-0.1947815865278244,0.318069577217102,0.1190430894494057,0.0886149704456329,-1.571764611676278,-0.2178960842129702
BULLER,-0.5940629839897156,0.7694100141525269,-0.9862411618232728,0.4778420329093933,0.3921781778335572,0.2915679812431335,-0.6601626231610933,-0.37895007327696867
BULUNGAN,-4.502499103546143,3.722257137298584,-6.843544483184815,1.9503196477890008,2.3410453796386728,1.7719374895095827,-0.519943552636108,-0.47603844230803494
BURDEKIN,-0.7990021705627441,0.935908019542694,-1.2906864881515503,0.5748432278633118,0.4916843175888061,0.3610647916793822,-0.6153729435334433,-0.3857908941263338
BUZI (also BUDZI),-18.027158737182617,13.980127334594728,-27.136831283569336,7.072762489318848,9.10967254638672,6.907364845275881,-0.5053304671688063,-0.49408454443638433
CANCOSA,-1.639858961105347,1.565094232559204,-2.550333499908448,0.8739028573036194,0.9104745388031008,0.6911913752555847,-0.5552151498378836,-0.4416292392346021
CANDELARIA,-0.2449241876602172,0.5472943186759949,-0.4913989901542663,0.3690429627895355,0.2464748024940491,0.1782513558864593,-1.0063309991905864,-0.32569560801888464
CANETE,0.1250803768634796,0.2531195282936096,0.1162665635347366,0.2383640557527542,0.0088138133287429,0.0147554725408554,-0.07046519645813762,-0.058294484982366064
CANIAPISCAU,-0.2871274352073669,0.5510509014129639,-0.5028764605522156,0.3930603563785553,0.2157490253448487,0.1579905450344085,-0.7514051215239399,-0.2867077154384485
CAPE FEAR,-1.7125229835510254,1.6214014291763306,-2.6589715480804443,0.9092972278594972,0.946448564529419,0.7121042013168334,-0.5526632772933053,-0.43919055978542043
CAPIM,-1.484125733375549,1.4571080207824707,-2.331381559371948,0.8188748359680176,0.8472558259963987,0.6382331848144531,-0.5708787381978544,-0.4380136377752696
CATATUMBO,-0.0212923642247915,0.3510399758815765,-0.1232607662677764,0.2838084697723388,0.1019684020429849,0.0672315061092376,-4.788965704628482,-0.19152093985990432
CAUVERY,-0.0839119330048561,0.3942056894302368,-0.1936562806367874,0.3091341853141784,0.1097443476319312,0.0850715041160584,-1.3078515021883745,-0.21580486126168313
CAVALLY,-1.304007887840271,1.302471160888672,-2.056688070297241,0.7396731376647949,0.7526801824569702,0.5627980232238772,-0.5772052373882317,-0.4321001801221317
CESTOS (also NUON),-5.869289875030518,4.756136417388916,-8.886919021606445,2.472208499908448,3.017629146575928,2.2839279174804683,-0.514138713682162,-0.48020656201748046
CHAD,-1.85856568813324,1.7545374631881714,-2.884252548217773,0.9838920831680298,1.025686860084533,0.7706453800201416,-0.5518701150211925,-0.4392299373418914
CHANGUINOLA,0.1141034364700317,0.2353827506303787,0.1068437919020652,0.2300405204296112,0.0072596445679665,0.0053422302007674,-0.06362336483943835,-0.022695929019694347
CHAO PHRAYA,-0.0216435566544532,0.3477083444595337,-0.1018791049718856,0.2883318066596985,0.0802355483174324,0.0593765377998352,-3.7071332405491586,-0.17076535189895464
CHELIF,0.1149575188755989,0.268798828125,0.0970023795962333,0.2576445341110229,0.0179551392793655,0.0111542940139771,-0.15618934241957433,-0.04149681042802019
CHERGUI,-0.0006311333272606,0.3297690451145172,-0.0747622698545456,0.2813365161418915,0.074131136527285,0.0484325289726257,-117.45717319198968,-0.14686802685135839
CHEW BAHIR (also LAKE STEFANIE),-0.3952204883098602,0.6223944425582886,-0.6662698984146118,0.4185447692871094,0.2710494101047516,0.2038496732711792,-0.6858182157101225,-0.3275248931100284
CHICO,0.0914889499545097,0.2684584856033325,0.0663910061120987,0.2541096806526184,0.025097943842411,0.0143488049507141,-0.2743275975392684,-0.05344887839349412
"CHILOANGO (also SHILOANGO, also LOUANGO)",-19.68216896057129,15.264122009277344,-29.62489891052246,7.725527286529541,9.942729949951172,7.538594722747803,-0.505164342906981,-0.49387673383152586
CHIRA,0.0677761733531951,0.2901739478111267,0.0171979628503322,0.2654877305030823,0.0505782105028628,0.0246862173080444,-0.7462535578585971,-0.0850738582641906
CHOLUTECA,0.0305690672248601,0.3285592794418335,-0.0412948988378047,0.290020614862442,0.0718639660626647,0.0385386645793914,-2.3508720607680784,-0.11729592493890946
CHUBUT,-0.1086705401539802,0.4045057892799377,-0.2389892935752868,0.3119852542877197,0.1303187534213066,0.0925205349922179,-1.1992095855661717,-0.22872487228653543
CHURCHILL,-0.6346779465675354,0.8083682656288147,-1.032827615737915,0.5126844048500061,0.3981496691703796,0.2956838607788086,-0.6273255141818812,-0.3657786597409308
CHUY (also SHU),0.1073215007781982,0.2473000288009643,0.0969268530607223,0.2404963970184326,0.0103946477174759,0.0068036317825317,-0.09685522138717169,-0.027511649778284138
CISNES,-0.3134274184703827,0.5614893436431885,-0.567539393901825,0.3803550899028778,0.2541119754314422,0.1811342537403106,-0.8107522203117484,-0.3225960666769424
CLUTHA,-0.3257008194923401,0.5726034045219421,-0.575526773929596,0.3901415169239044,0.2498259544372558,0.1824618875980377,-0.767041221531625,-0.3186531657987126
COCO,0.0125296898186206,0.3326755464076996,-0.0790145546197891,0.2809555828571319,0.0915442444384097,0.0517199635505676,-7.306186008081711,-0.1554666825050735
COIG,0.1255091875791549,0.2368005961179733,0.1201686561107635,0.2284939289093017,0.0053405314683914,0.0083066672086715,-0.04255092054534497,-0.03507874281082148
COLORADO (also COLORADO RIVER),-0.4215092658996582,0.6590677499771118,-0.7126571536064148,0.4420406222343445,0.2911478877067566,0.2170271277427673,-0.6907271352275928,-0.32929410936933917
COLORADO,-0.1520498394966125,0.4550988376140594,-0.3150342404842376,0.3391975164413452,0.1629844009876251,0.1159013211727141,-1.071914324455806,-0.2546728569564108
COLUMBIA,-0.9937511682510376,1.0699985027313232,-1.5853326320648191,0.6295595765113831,0.5915814638137815,0.4404389262199402,-0.5953014021155228,-0.41162574068623203
COLVILLE,-0.9320663213729858,1.0439121723175049,-1.4770973920822144,0.6342061758041382,0.5450310707092285,0.4097059965133667,-0.5847556747961532,-0.3924717111055536
COMOE (also KOMOE),-3.576331615447998,3.035696029663086,-5.449865818023682,1.6144806146621704,1.873534202575684,1.4212154150009155,-0.5238703800517086,-0.46816789333108816
CONCEPCION,0.0441051311790943,0.3145257532596588,-0.0345448814332485,0.27100270986557,0.0786500126123428,0.0435230433940888,-1.7832395122684201,-0.13837672414111687
CONGO,-12.469170570373535,9.77677059173584,-18.801082611083984,4.979489803314209,6.331912040710449,4.797280788421631,-0.5078053913028447,-0.49068153368318795
CONNECTICUT,-0.0322064831852912,0.3666180372238159,-0.1207735016942024,0.3024287521839142,0.0885670185089111,0.0641892850399017,-2.7499748420019983,-0.1750849072401611
COPIAPO,0.0740395039319992,0.3050592541694641,0.0235163383185863,0.2698241472244262,0.0505231656134129,0.0352351069450379,-0.6823812009844822,-0.11550250144342243
COPPENAME RIVIER,0.0693850964307785,0.29055917263031,0.0218505915254354,0.259903609752655,0.0475345049053431,0.030655562877655,-0.6850823498208369,-0.10550540394282897
COPPERMINE,-0.3005937933921814,0.5540942549705505,-0.5388510823249817,0.3827956914901733,0.2382572889328003,0.1712985634803772,-0.792622117190386,-0.30915058574191784
COPPER,0.1219023838639259,0.2354751229286193,0.1167236194014549,0.2341027110815048,0.005178764462471,0.0013724118471145,-0.04248288096032501,-0.005828266825156444
CORUBAL (also KOLIBA),-3.856647729873657,3.2510664463043213,-5.886792182922363,1.7229561805725098,2.0301444530487065,1.5281102657318115,-0.5264013192916672,-0.4700335385236141
COSAPILLA,0.0751093849539756,0.273423284292221,0.0491208955645561,0.2520281970500946,0.0259884893894194,0.0213950872421264,-0.34600855013450493,-0.07824895856075088
COURANTYNE,-0.0659241154789924,0.386331558227539,-0.1817963421344757,0.3045999705791473,0.1158722266554833,0.0817315876483917,-1.7576606953855531,-0.21155814457242447
CROSS,-1.76449716091156,1.654062032699585,-2.7475340366363525,0.916076362133026,0.9830368757247924,0.737985670566559,-0.5571201232292967,-0.446165655203449
CUANZA,-18.256053924560547,14.161944389343262,-27.47829818725586,7.169722080230713,9.222244262695312,6.992222309112549,-0.5051608798267343,-0.4937332132425357
CUVELAI,-16.138696670532227,12.5770845413208,-24.309154510498047,6.386173725128174,8.17045783996582,6.190910816192627,-0.506265035322482,-0.4922373540428217
CUYUNI,-1.3671804666519165,1.3601866960525513,-2.13680386543274,0.7863364815711975,0.7696233987808232,0.5738502144813538,-0.5629274390275277,-0.4218907714262652
DALING HE,-0.2549928426742553,0.5262921452522278,-0.4818692505359649,0.3634254932403564,0.2268764078617096,0.1628666520118714,-0.8897363764501284,-0.3094605410343277
DALY,0.1231899783015251,0.2571550011634826,0.111336626112461,0.2411425560712814,0.011853352189064,0.0160124450922012,-0.0962201012817075,-0.06226767910308508
DAMODAR,-6.136614799499512,4.972612380981445,-9.30212688446045,2.5739850997924805,3.165512084960937,2.398627281188965,-0.5158401151754074,-0.48236763644857983
DANUBE,-0.3015457093715668,0.5581334233283997,-0.5455824732780457,0.3858871161937713,0.2440367639064788,0.1722463071346283,-0.8092861424394371,-0.30861134620364866
DAOURA,0.0426063723862171,0.3069713413715362,-0.0274793896824121,0.2630976736545563,0.0700857620686292,0.0438736677169799,-1.6449596185593476,-0.142924311829743
DASHT KAUR,-0.1062458455562591,0.4353158175945282,-0.2585874795913696,0.3324766457080841,0.1523416340351104,0.102839171886444,-1.4338596792892275,-0.23624037475760393
"DAUGAVA (also ZAPADNAYA DVINA, also ZAKHODNAYA DZVINA)",-3.0995190143585205,2.66286563873291,-4.736843109130859,1.4266778230667114,1.6373240947723389,1.2361878156661987,-0.5282510244936184,-0.4642321406251735
DE CONTAS,0.1159200817346572,0.2570423781871795,0.1064002215862274,0.2454697638750076,0.0095198601484298,0.0115726143121719,-0.08212433951022312,-0.045022203707377285
DE GREY RIVER,-13.536033630371094,10.576589584350586,-20.39818382263184,5.37062931060791,6.862150192260746,5.205960273742676,-0.5069542806737706,-0.49221540007996134
DEAD SEA,-0.3735573589801788,0.6263229846954346,-0.6491168737411499,0.4261953234672546,0.2755595147609711,0.20012766122818,-0.7376631945178532,-0.31952788915370417
DELAWARE,-2.2226483821868896,2.014251470565796,-3.418947696685791,1.1140722036361694,1.1962993144989014,0.9001792669296265,-0.5382314738068684,-0.4469051059830029
DESEADO,0.1121263206005096,0.2447191923856735,0.1040222942829132,0.2359279990196228,0.0081040263175964,0.0087911933660506,-0.07227586060252454,-0.03592359585837433
DIGUL (also UWIMBU),0.0609950236976146,0.2934967279434204,0.0074663013219833,0.2631864547729492,0.0535287223756313,0.0303102731704711,-0.8775916317534721,-0.103272950887256
DJERID,-1.0740033388137815,1.140427827835083,-1.6913437843322754,0.6735713481903076,0.6173404455184939,0.4668564796447754,-0.5748030971675897,-0.4093695964355996
DNIEPER,-2.591510057449341,2.2817163467407227,-3.980396270751953,1.2377289533615112,1.3888862133026123,1.0439873933792114,-0.5359370338194269,-0.45754477539264543
DNIESTR,-2.565277099609375,2.263288974761963,-3.940150737762451,1.227938175201416,1.3748736381530762,1.0353507995605469,-0.535955214492202,-0.4574540905318721
DOCE,0.1138970032334327,0.2715950012207031,0.0850048884749412,0.2468175888061523,0.0288921147584915,0.0247774124145508,-0.2536687879247965,-0.09122926527803159
DONG NAI,0.1228232085704803,0.2377300709486007,0.114783264696598,0.2363781332969665,0.0080399438738823,0.0013519376516342,-0.06545948414357457,-0.0056868600856410665
DONG,0.1338827311992645,0.233585700392723,0.1334820985794067,0.2332014590501785,0.0004006326198577,0.0003842413425445,-0.0029924144530746547,-0.0016449694561716868
DON,-0.8823146820068359,0.9964708089828492,-1.4086464643478394,0.6035741567611694,0.5263317823410034,0.3928966522216798,-0.5965352193209061,-0.39428817049114595
DORDOGNE,-0.8809105753898621,0.9839418530464172,-1.4191339015960691,0.5853196978569031,0.538223326206207,0.3986221551895141,-0.6109852024060525,-0.4051277562340965
DOURO (also DUERO),-0.0736806169152259,0.3973292112350464,-0.1815753728151321,0.3199692964553833,0.1078947558999062,0.077359914779663,-1.4643573902760043,-0.19469979199163287
DRAA,-0.2807042896747589,0.5487607717514038,-0.5129155516624451,0.3847250640392303,0.2322112619876861,0.1640357077121735,-0.827245149180799,-0.2989202511481341
DRAMSELVA,-0.8980331420898438,0.9941840767860411,-1.4161194562911987,0.6028115153312683,0.518086314201355,0.3913725614547728,-0.5769122428997426,-0.39366206982512386
DRYSDALE,-0.7002437114715576,0.8485244512557983,-1.1158547401428225,0.5194286108016968,0.4156110286712648,0.3290958404541015,-0.5935234002999626,-0.38784485228097626
DURACK,-1.9158557653427124,1.7713805437088013,-2.96122145652771,0.9758736491203308,1.0453656911849976,0.7955068945884705,-0.5456390350961521,-0.4490886486327155
EASTMAIN,-0.0579631030559539,0.3862293362617492,-0.1727519184350967,0.3066107630729675,0.1147888153791428,0.0796185731887817,-1.9803773319094558,-0.20614325664486527
EBRO,-0.3319835066795349,0.5935291647911072,-0.5831118822097778,0.4093387722969055,0.2511283755302429,0.1841903924942016,-0.7564483490219236,-0.3103308201527511
EEL,0.136616975069046,0.2348795384168625,0.1364549994468689,0.234372928738594,0.000161975622177,0.0005066096782684,-0.001185618566764738,-0.002156891492903741
ELBE,-0.3541222214698791,0.6060017943382263,-0.6185973882675171,0.409521996974945,0.264475166797638,0.1964797973632813,-0.7468471357145084,-0.32422312804839737
ELLICE,-0.2932199537754059,0.5400384068489075,-0.538196325302124,0.3697676956653595,0.2449763715267181,0.1702707111835479,-0.8354696478615494,-0.3152937069366374
ESMERALDAS,-0.5078097581863403,0.7182554602622986,-0.8599973917007446,0.4562088847160339,0.3521876335144043,0.2620465755462647,-0.693542469077897,-0.3648375683083124
ESSEQUIBO,-0.6638910174369812,0.825558066368103,-1.0650274753570557,0.523184597492218,0.4011364579200744,0.302373468875885,-0.6042203424723271,-0.3662655374516825
FERGUSON,-0.2395478934049606,0.5099026560783386,-0.4301892817020416,0.3670154809951782,0.190641388297081,0.1428871750831604,-0.7958383001715563,-0.28022441809208387
FEUILLES,-0.3035480678081512,0.5606225728988647,-0.5365260243415833,0.3889573812484741,0.232977956533432,0.1716651916503906,-0.7675158607192291,-0.30620456604653823
FITZROY,-0.4185143709182739,0.6508586406707764,-0.6975198984146118,0.4384793937206268,0.2790055274963379,0.2123792469501496,-0.6666569821346019,-0.3263062571179374
FLINDERS,-1.874089002609253,1.7464025020599363,-2.9072136878967285,0.9679615497589112,1.0331246852874756,0.7784409523010251,-0.5512676739733698,-0.4457397142885616
FORTESCUE,-24.59919548034668,18.96737670898437,-36.99496078491211,9.566731452941896,12.39576530456543,9.400645256042475,-0.5039093784375559,-0.4956217931597059
FRASER,0.0248084757477045,0.3208666145801544,-0.0428058989346027,0.2711780071258545,0.0676143746823072,0.0496886074542999,-2.7254546135734876,-0.15485751772373132
FUERTE NUEVO,0.0849330201745033,0.2973673045635223,0.0224546249955892,0.2642791271209717,0.0624783951789141,0.0330881774425506,-0.7356196100238288,-0.11127039501238259
GALANA,-0.3858261108398437,0.6272096633911133,-0.6689826250076294,0.4211556017398834,0.2831565141677857,0.2060540616512298,-0.7338967120484075,-0.3285250111376861
GALLEGOS,0.0061520338058471,0.3343709111213684,-0.0764897018671035,0.2818458378314972,0.0826417356729505,0.0525250732898712,-13.433238223496936,-0.15708625225118913
GAMBIA,-3.138582468032837,2.700647115707397,-4.808760166168213,1.443575143814087,1.670177698135376,1.25707197189331,-0.5321439583463263,-0.46547065130500676
GANGES,-2.959592580795288,2.5792152881622314,-4.523223400115967,1.396660327911377,1.5636308193206787,1.1825549602508545,-0.5283263748757293,-0.45849408759261057
GARONNE (also RIO GARONA),-0.4314304292201996,0.6510841846466064,-0.7453418970108032,0.424224853515625,0.3139114677906036,0.2268593311309814,-0.7276062292546014,-0.3484331772766305
GASCOYNE,-24.34618377685547,18.77926254272461,-36.61431503295898,9.469194412231444,12.268131256103509,9.310068130493166,-0.5039036659111282,-0.49576324465946814
GEBA (also KAYANGA),-7.736733913421631,6.172014236450195,-11.692985534667969,3.168723821640014,3.956251621246338,3.003290414810181,-0.5113594012045652,-0.48659810229755873
GEORGE,0.1153984889388084,0.2438049018383026,0.1097427085041999,0.2414522618055343,0.0056557804346085,0.0023526400327683,-0.04901087082351273,-0.009649683066375071
GILBERT,-0.212143987417221,0.497187852859497,-0.3823279440402984,0.3722096085548401,0.1701839566230774,0.1249782443046569,-0.8022096628568532,-0.25137026897552783
GLOMAA,-2.019963264465332,1.841138243675232,-3.1243350505828857,1.0098721981048584,1.1043717861175537,0.8312660455703735,-0.5467286487558337,-0.451495724683347
GODAVARI,-1.5353872776031494,1.493185043334961,-2.3879077434539795,0.8583307266235352,0.8525204658508301,0.6348543167114258,-0.555247837654143,-0.4251678782513837
GONO,-14.146434783935549,11.032172203063965,-21.30474853515625,5.604976177215576,7.158313751220701,5.427196025848389,-0.5060153926097027,-0.49194264972958757
GOTA,-5.426936149597168,4.427505970001221,-8.235723495483398,2.3012046813964844,2.8087873458862305,2.1263012886047363,-0.5175641040285174,-0.4802480906884356
GOURITZ,-0.6441228985786438,0.8213748931884766,-1.0433460474014282,0.5189762115478516,0.3992231488227844,0.302398681640625,-0.619793442685754,-0.3681615838861965
GRANDE DE MATAGALPA,-0.0421843975782394,0.3740554451942444,-0.1487268954515457,0.2966659367084503,0.1065424978733062,0.077389508485794,-2.525637534012473,-0.20689314774072126
GREAT FISH (also GROOT-VIS),-0.9625446200370787,1.04518461227417,-1.5368129014968872,0.6136434078216553,0.5742682814598085,0.4315412044525146,-0.5966147121966011,-0.412885149077677
GREAT KEI (also GROOT-KEI),-0.9095290899276732,1.0005050897598269,-1.4528919458389282,0.5997018218040466,0.543362855911255,0.4008032679557802,-0.5974111899537636,-0.4006009285290031
GREAT SALT LAKE,-0.5129815340042114,0.7146500945091248,-0.8422486186027527,0.464586853981018,0.3292670845985412,0.2500632405281067,-0.6418692735942383,-0.3499100363232568
GREAT SCARCIES (also KOLENTE),-0.9081015586853028,0.9809250831604004,-1.4538904428482056,0.5719767212867737,0.5457888841629027,0.4089483618736267,-0.6010218559178165,-0.416900708213163
GUADALQUIVIR,0.0983497723937034,0.2633325457572937,0.0794599205255508,0.246689110994339,0.0188898518681526,0.0166434347629547,-0.19206807914648494,-0.06320310584888547
GUADIANA,-0.079876035451889,0.3998477458953857,-0.2043798416852951,0.3109089136123657,0.1245038062334061,0.0889388322830199,-1.5587128921589675,-0.22243174607339042
GUAYAS,0.0831429064273834,0.2904517948627472,0.0436695106327533,0.2572191953659057,0.03947339579463,0.0332325994968414,-0.47476564737493226,-0.11441691903658413
GUIR,-0.0269714593887329,0.3609960973262787,-0.1283744573593139,0.2954727411270141,0.101402997970581,0.0655233561992645,-3.7596407561446696,-0.18150710405060885
GURUPI,-15.683539390563965,12.2160005569458,-23.6246337890625,6.188377857208252,7.941094398498535,6.027622699737549,-0.5063330540857577,-0.4934203032849691
HAI HE,-1.1377284526824951,1.1834968328475952,-1.8009620904922483,0.6865274310112,0.6632336378097532,0.4969694018363952,-0.5829454614112927,-0.4199161231725852
HAMUN-I-LORA,-7.28741455078125,5.835720539093018,-11.024495124816896,3.0090835094451904,3.7370805740356463,2.826637029647827,-0.5128129527961341,-0.48436812741672863
HAMUN-I-MASHKEL,-4.018123626708984,3.3570988178253174,-6.10349702835083,1.775810718536377,2.0853734016418457,1.5812880992889404,-0.5189918467864205,-0.47102816601427216
HAMUN,-5.476893424987793,4.469887733459473,-8.300400733947754,2.330838203430176,2.823507308959961,2.139049530029297,-0.5155308109663014,-0.47854658944057593
HAN-GANG,-0.2783357501029968,0.53347247838974,-0.5160574913024902,0.3698177933692932,0.2377217411994934,0.1636546850204467,-0.8540826721379686,-0.30677249839472553
HANJIANG XIXI,0.1057653725147247,0.2503919601440429,0.1057279407978057,0.250296950340271,3.743171691900082e-05,9.500980377191716e-05,-0.00035391277909780505,-0.0003794443069069026
HAR US NUUR,-0.8673009276390076,0.9783743023872375,-1.3917062282562256,0.5875346064567566,0.524405300617218,0.3908396959304809,-0.6046405392932874,-0.39947870153256315
HARI,-0.4509803354740143,0.6631377935409546,-0.7797523736953735,0.4278218150138855,0.3287720382213592,0.2353159785270691,-0.7290163502934005,-0.3548523109662521
HAYES,-1.926910400390625,1.7766461372375488,-2.984867572784424,0.980163276195526,1.0579571723937988,0.7964828610420228,-0.5490432623018324,-0.4483069781585482
HINGOL,-2.277491807937622,2.049105405807495,-3.508932113647461,1.126027226448059,1.2314403057098389,0.923078179359436,-0.540700213022925,-0.4504786219114369
HODNA,0.0158163048326969,0.3200685977935791,-0.0503608435392379,0.2712685465812683,0.0661771483719348,0.0488000512123107,-4.184109314530117,-0.1524674758746038
HONDO,0.0281717907637357,0.3220763206481933,-0.0347064174711704,0.2784566283226013,0.0628782082349061,0.0436196923255919,-2.231956383683157,-0.13543278263302735
HORNADAY,-0.3651926815509796,0.6040882468223572,-0.6482408046722412,0.3987066745758056,0.2830481231212616,0.2053815722465515,-0.7750651571634769,-0.33998604231568114
HORTON,-0.3251670897006988,0.5616381168365479,-0.5670117139816284,0.3881950080394745,0.2418446242809296,0.1734431087970733,-0.743754924594418,-0.30881648449004767
HUAI HE,0.0036779372021555,0.3324109315872192,-0.0609995909035205,0.2842032313346863,0.064677528105676,0.0482077002525329,-17.585272545646227,-0.14502441307314226
HUASCO,0.0043067587539553,0.3383184373378753,-0.0737823098897934,0.284350037574768,0.0780890686437486,0.0539683997631073,-18.13174897991028,-0.15951953487302728
HUDSON,-2.406294345855713,2.167989492416382,-3.6981165409088135,1.200585126876831,1.2918221950531006,0.9674043655395508,-0.5368512780981954,-0.44622188849324557
IIJOKI,-3.130462884902954,2.7022604942321777,-4.786158084869385,1.4528872966766355,1.6556951999664309,1.2493731975555422,-0.5288978853418855,-0.4623437304516936
INCOMATI (also KOMATI),-8.70783805847168,6.910279750823975,-13.1610746383667,3.5352375507354736,4.45323657989502,3.375042200088501,-0.5114055348747047,-0.48840890988328867
INDIGIRKA,-0.7556286454200745,0.9153257608413696,-1.2282570600509644,0.5656348466873169,0.4726284146308899,0.3496909141540527,-0.6254771010807073,-0.3820398475758139
INDUS,-3.852480173110962,3.2358758449554443,-5.871747016906738,1.7085378170013428,2.0192668437957764,1.5273380279541016,-0.5241472384178877,-0.4720014305663609
IRRAWADDY,-1.04958975315094,1.1247000694274902,-1.6542785167694092,0.6699110865592957,0.6046887636184692,0.4547889828681946,-0.5761191568449981,-0.40436467928707187
ISHIKARI,0.0328144803643226,0.3234081566333771,-0.0406038351356983,0.2799647152423858,0.0734183155000209,0.0434434413909912,-2.2373755331455634,-0.13433007331426014
ITAPECURU,-0.9773960113525392,1.060495376586914,-1.5614200830459597,0.6267958879470825,0.5840240716934205,0.4336994886398315,-0.59753064766986,-0.4089593393944299
ITAPICURU,0.1218116655945777,0.2541238665580749,0.1167816296219825,0.243740826845169,0.0050300359725952,0.0103830397129058,-0.04129354892278155,-0.04085818405621122
JACUI,-5.216458797454834,4.267961025238037,-7.916937351226807,2.222169876098633,2.7004785537719727,2.0457911491394043,-0.5176842487646149,-0.4793368864059166
JAGUARIBE,-0.3974186480045318,0.6254763603210449,-0.6894513964653015,0.4141548871994018,0.2920327484607697,0.2113214731216431,-0.7348239694515785,-0.3378568504382418
JAMES,-6.353516101837158,5.129604816436768,-9.629656791687012,2.647277355194092,3.276140689849853,2.482327461242676,-0.515642147960015,-0.48392177371803885
JEQUITINHONHA,0.0860033631324768,0.286604642868042,0.0586423352360725,0.2667170464992523,0.0273610278964043,0.0198875963687896,-0.3181390459610081,-0.0693903496111411
JOKULSA A FJOLLUM,-1.2984251976013184,1.3036857843399048,-2.019967555999756,0.7547953128814697,0.7215423583984375,0.5488904714584351,-0.5557057578144653,-0.42102972821503515
JUBBA (also GENALE WENZ),-1.4171998500823977,1.3981629610061646,-2.2183141708374023,0.798585832118988,0.8011143207550047,0.5995771288871765,-0.5652797103446116,-0.42883207866964296
KALIXALVEN,-2.3527543544769287,2.1012654304504395,-3.6152305603027344,1.146195411682129,1.2624762058258057,0.9550700187683104,-0.5365949927681605,-0.4545213588573511
KAMCHATKA,-1.3239614963531494,1.3160665035247805,-2.0772151947021484,0.7504581809043884,0.753253698348999,0.5656083226203921,-0.568939278388258,-0.4297718398770432
KAPUAS,-5.477573871612549,4.4829535484313965,-8.306462287902832,2.3451199531555176,2.828888416290283,2.137833595275879,-0.5164491584405567,-0.476880603865261
KARNAPHULI,0.0784274488687515,0.2701554000377655,0.057658988982439,0.2522779405117035,0.0207684598863125,0.017877459526062,-0.2648111112356665,-0.06617472581915035
KELANTAN,-2.0453689098358154,1.8671635389328003,-3.158321142196656,1.0276209115982056,1.1129522323608405,0.8395426273345947,-0.5441327610920706,-0.449635294300169
KEMIJOKI,-4.412167549133301,3.670593738555908,-6.710593700408936,1.941631317138672,2.298426151275636,1.728962421417236,-0.5209290276673932,-0.4710307227019484
KEM,-2.730177879333496,2.390939712524414,-4.181591510772705,1.2928067445755005,1.451413631439209,1.0981329679489136,-0.5316187060286105,-0.45928927534081454
KHATANGA,-3.2402760982513428,2.7938661575317383,-4.951074123382568,1.5048385858535769,1.7107980251312256,1.2890275716781614,-0.5279790898233888,-0.46137771066920485
KINABATANGAN,-5.417398929595947,4.429403305053711,-8.2067289352417,2.3186557292938232,2.789330005645752,2.110747575759888,-0.5148836262375442,-0.4765309073011343
KISO,-9.362236976623535,7.414361000061035,-14.11115550994873,3.813328266143799,4.748918533325195,3.6010327339172363,-0.5072418637963039,-0.48568349098291713
KITAKAMI,0.0077231926843523,0.3429978489875793,-0.0866077318787574,0.2816068530082702,0.0943309245631097,0.061390995979309,-12.213980463575691,-0.17898361800377408
KIZILIRMAK,0.0871769487857818,0.2809093296527862,0.0483543165028095,0.2519354522228241,0.0388226322829723,0.0289738774299621,-0.44533139578411257,-0.10314316532588944
KLAMATH,-0.4476620256900787,0.6733534336090088,-0.7348158359527588,0.4572247862815857,0.2871538102626801,0.2161286473274231,-0.6414522425037674,-0.32097355792637267
KOBUK,-0.2681291401386261,0.5285629034042358,-0.4689685702323913,0.3781664073467254,0.2008394300937652,0.1503964960575104,-0.7490399215464933,-0.28453850069475983
KOKEMAENJOKI,-0.0924456939101219,0.4032171666622162,-0.2160041332244873,0.3121378719806671,0.1235584393143654,0.091079294681549,-1.3365515914077308,-0.22588149070014218
KOLOK,-0.6008507013320923,0.7852055430412292,-0.9683995246887208,0.5119040012359619,0.3675488233566285,0.2733015418052673,-0.6117140623149294,-0.34806369393003245
KOLYMA,-5.274742126464844,4.324933052062988,-7.99834394454956,2.263004302978516,2.723601818084716,2.061928749084472,-0.5163478617124523,-0.47675391139313344
KOUILOU,-13.460577964782717,10.534391403198242,-20.287946701049805,5.359021663665772,6.827368736267088,5.17536973953247,-0.5072121534550539,-0.49128322097100235
KOVDA,-2.901782989501953,2.52443528175354,-4.4309258460998535,1.3648028373718262,1.5291428565979004,1.159632444381714,-0.526966648481303,-0.4593631109355286
KRISHNA,-0.053015012294054,0.374886691570282,-0.1540866941213607,0.3030083179473877,0.1010716818273066,0.0718783736228942,-1.9064728546454113,-0.1917335964150087
KUANTAN,-2.236213207244873,1.999916315078736,-3.446749210357666,1.0840259790420532,1.210536003112793,0.9158903360366824,-0.5413329995507156,-0.4579643303728059
KUBAN,-1.1678317785263062,1.2170169353485107,-1.8429275751113887,0.7107467651367188,0.6750957965850826,0.506270170211792,-0.5780762340933983,-0.41599270766664725
KUNENE (also CUNENE),-20.92617988586425,16.182992935180664,-31.481698989868164,8.177846908569336,10.55551910400391,8.005146026611328,-0.5044169151548881,-0.49466412416263966
KURA,0.1084729880094528,0.2584201693534851,0.0876301079988479,0.2431203871965408,0.0208428800106049,0.0152997821569443,-0.19214811348967875,-0.059205062032198406
KUSKOKWIM,0.0904653817415237,0.2709768414497375,0.061163917183876,0.253377765417099,0.0293014645576476,0.0175990760326384,-0.3238969868205209,-0.06494679005955896
KYMIJOKI,-0.5106384754180908,0.709073007106781,-0.8420843482017517,0.4631906747817993,0.3314458727836609,0.2458823323249817,-0.6490812751864927,-0.34676588991626034
LA GRANDE,0.0162689927965402,0.3261155486106872,-0.0649605840444564,0.2744176089763641,0.0812295768409966,0.0516979396343231,-4.992907542393839,-0.15852644823151163
LAKE BALKHASH,0.1055310443043708,0.2613394260406494,0.085847184062004,0.2473964840173721,0.0196838602423667,0.0139429420232773,-0.18652198859697575,-0.053351850635459
LAKE EYRE,-2.5370118618011475,2.23758316040039,-3.897749423980713,1.2110886573791504,1.3607375621795654,1.0264945030212398,-0.5363544343909815,-0.45875144271176954
LAKE GAIRDNER,-0.7807987332344055,0.9203676581382751,-1.2566217184066772,0.5631335377693176,0.4758229851722717,0.3572341203689575,-0.6094054266727706,-0.3881428440147198
LAKE NATRON,0.0928863137960434,0.2591783106327057,0.0669007301330566,0.2563764750957489,0.0259855836629867,0.0028018355369567,-0.27975686192096133,-0.010810455281219137
LAKE TORRENS,-0.9555227160453796,1.0434004068374634,-1.5223796367645264,0.6155722737312317,0.5668569207191467,0.4278281331062317,-0.5932427468236408,-0.4100325534690701
LAKE TURKANA,-1.8946033716201784,1.7510217428207395,-2.9361395835876465,0.9665828943252563,1.041536211967468,0.7844388484954832,-0.5497383925147319,-0.44798921070610026
LAKE URMIA,0.1320385783910751,0.2385576069355011,0.1267619431018829,0.2352673560380935,0.0052766352891922,0.0032902508974075,-0.03996283020833299,-0.013792269882624927
LAM (also XONGKA),0.1245907396078109,0.2326159924268722,0.1242685690522193,0.2322988510131836,0.0003221705555916,0.0003171414136886,-0.0025858306693237842,-0.0013633689170717887
LAUCA,-0.5568889379501343,0.7519310116767883,-0.9262905716896056,0.4820232391357422,0.3694016337394713,0.2699077725410461,-0.6633308880208872,-0.3589528405526967
LEICHHARDT,-0.2818320989608764,0.5547484159469604,-0.5167257785797119,0.3891054093837738,0.2348936796188355,0.1656430065631866,-0.8334525431449991,-0.2985912204551906
LEMPA,0.0053229634650051,0.3377625644207001,-0.0737223923206329,0.2767297923564911,0.079045355785638,0.0610327720642089,-14.849877573894315,-0.18069726634414593
LENA,-1.5325692892074585,1.4897667169570925,-2.39302396774292,0.8457478880882263,0.8604546785354614,0.6440188288688662,-0.5614458573552851,-0.4322950845514257
LIAO HE,-0.4199194312095642,0.6475870609283447,-0.7203675508499146,0.4282771646976471,0.3004481196403503,0.2193098962306976,-0.7154899185658529,-0.33865700762505535
LIMARI,-0.6988013982772827,0.8422842025756836,-1.1322649717330933,0.5170754194259644,0.4334635734558105,0.3252087831497192,-0.6202958015316009,-0.3861033866659722
LIMPOPO,-4.733379364013672,3.918325424194336,-7.1924824714660645,2.0607643127441406,2.4591031074523926,1.8575611114501955,-0.5195237732576741,-0.4740701474105195
LITTLE MECATINA,-0.0931150466203689,0.4015088081359863,-0.2344675660133361,0.3144905567169189,0.1413525193929672,0.0870182514190673,-1.5180416540976778,-0.216728125649476
LITTLE SCARCIES (also KABA),-2.2342405319213867,2.0045974254608154,-3.442205905914306,1.0973248481750488,1.2079653739929197,0.9072725772857666,-0.5406603974524183,-0.4525959006842501
LOA,-1.6337060928344729,1.5559937953948977,-2.540393114089966,0.8710325956344604,0.9066870212554928,0.6849611997604372,-0.5549878434268399,-0.4402081819269723
LOFFA (also LOFA RIVER),-0.9779138565063475,1.0580744743347168,-1.5528559684753418,0.6274706125259399,0.5749421119689943,0.4306038618087768,-0.5879271554889378,-0.4069693317944625
LOIRE,-1.0047341585159302,1.0873225927352903,-1.6015955209732056,0.6461269855499268,0.5968613624572754,0.4411956071853635,-0.5940490401350399,-0.4057633034879585
LORENTZ,0.1294152289628982,0.2327118664979934,0.128804326057434,0.2312012761831283,0.0006109029054642,0.0015105903148651,-0.0047204869964673065,-0.006491247470949822
LUAN HE,-0.4088369011878967,0.6323307752609253,-0.704465925693512,0.4179465770721435,0.2956290245056153,0.2143841981887818,-0.7230977038683395,-0.3390380582066691
LULEALVEN,-4.170354843139648,3.4616639614105225,-6.337780475616455,1.813731789588928,2.167425632476806,1.6479321718215945,-0.5197221133454106,-0.4760520345684023
LURIO,-0.5082748532295227,0.7051383852958679,-0.846431314945221,0.4554791748523712,0.3381564617156982,0.2496592104434967,-0.6653023645909082,-0.3540570413547159
MAAS (also MEUSE),0.0942786559462547,0.2721398770809173,0.0617573969066143,0.2458333224058151,0.0325212590396404,0.0263065546751022,-0.3449482675928235,-0.09666556389044112
MACKENZIE,-0.1534691900014877,0.4493849575519562,-0.3103121221065521,0.3375650942325592,0.1568429321050644,0.1118198633193969,-1.0219831883099404,-0.24882867448109627
MAE KLONG,-0.0154227884486317,0.342372328042984,-0.0776841342449188,0.2859241962432861,0.062261345796287,0.0564481317996979,-4.03697074648073,-0.16487352270073358
MAGDALENA,-1.1767940521240234,1.2067283391952517,-1.862777590751648,0.6935271620750427,0.6859835386276245,0.513201177120209,-0.5829257357219614,-0.4252831067698757
MAHAKAM,-2.5158369541168213,2.225856065750122,-3.873516798019409,1.2058424949645996,1.357679843902588,1.0200135707855225,-0.5396533514148966,-0.4582567518541564
MAHANADI,-2.0344133377075195,1.8647397756576536,-3.1516692638397217,1.027491807937622,1.117255926132202,0.8372479677200315,-0.5491784316510543,-0.4489891719206516
MAHI,-0.5254655480384827,0.714772641658783,-0.878026008605957,0.4539381265640259,0.3525604605674743,0.2608345150947571,-0.6709487651160995,-0.36491955608350474
MAJES,0.1155729070305824,0.2343719005584716,0.1102977842092514,0.2312178760766983,0.0052751228213309,0.0031540244817732,-0.04564324768550744,-0.013457349086036961
MAMBERAMO,0.0732148736715316,0.2978175282478332,0.0270225405693054,0.2687947154045105,0.0461923331022261,0.0290228128433227,-0.6309146049949046,-0.09745166113651625
MANGOKY,-20.00831413269043,15.491012573242188,-30.10840034484864,7.833892822265625,10.100086212158208,7.657119750976562,-0.5047944642000728,-0.49429433452289606
MANICOUAGAN,-0.0592897124588489,0.3756353259086609,-0.1813094913959503,0.2981196939945221,0.1220197789371013,0.0775156319141388,-2.058026154567564,-0.20635873829658774
MANO (also MANO RIVER),-4.493915557861328,3.71807861328125,-6.831324577331543,1.9336631298065183,2.337409019470215,1.7844154834747317,-0.5201274900195492,-0.4799294660152339
"MAPUTO (also LUSUTFU, also USUTU)",-4.571771621704102,3.779782056808472,-6.950212478637695,1.9773740768432613,2.3784408569335938,1.8024079799652104,-0.5202448971077527,-0.476855001922282
MAR CHIQUITA,0.0215034466236829,0.3162081837654114,-0.0408372096717357,0.2707298398017883,0.0623406562954186,0.0454783439636231,-2.8991006598337354,-0.1438240573727927
MARITSA RIVER,0.0251093357801437,0.3137718141078949,-0.044456198811531,0.2653567790985107,0.0695655345916747,0.0484150350093842,-2.7705047716430107,-0.15430014052420915
MARONI,-1.814103960990905,1.69687020778656,-2.8022725582122803,0.946382224559784,0.9881685972213748,0.750487983226776,-0.5447144256725038,-0.44227777692303955
MA,0.1270099133253097,0.2272758334875106,0.1268610954284668,0.2267569303512573,0.0001488178968429,0.0005189031362533,-0.001171703002912337,-0.0022831425950168896
MBINI (also WOLEU),-2.8204312324523926,2.448709011077881,-4.323825836181641,1.3086422681808472,1.503394603729248,1.1400667428970337,-0.5330371421330602,-0.46557869380943523
MCARTHUR,0.1216036900877952,0.2619322538375854,0.1176688820123672,0.2476244270801544,0.0039348080754279,0.014307826757431,-0.03235763711271549,-0.05462415012968492
MEARIM,-3.187371015548706,2.73889708518982,-4.881123065948486,1.4668976068496704,1.6937520503997805,1.2719994783401494,-0.531394695546041,-0.4644203264220106
MEDJERDA (also MAJARDAH),-0.1814941465854644,0.460763931274414,-0.3584868907928467,0.337598979473114,0.1769927442073822,0.1231649518013,-0.9751980851020866,-0.26730597479850804
MEGHNA,-0.0965253487229347,0.4145728945732116,-0.2275153845548629,0.3202768862247467,0.1309900358319282,0.0942960083484649,-1.357053225551358,-0.22745338535829598
MEKONG,-0.1757836788892746,0.4551410675048828,-0.3393771648406982,0.3322109282016754,0.1635934859514236,0.1229301393032074,-0.9306523050667886,-0.2700923913043478
MELRHIR,-0.0920241251587867,0.4032448828220367,-0.2163795977830886,0.3148525357246399,0.1243554726243019,0.0883923470973968,-1.351335559123521,-0.2192026504559683
MERIN (also MIRIM),-8.477775573730469,6.745177745819092,-12.813295364379885,3.46030592918396,4.335519790649416,3.284871816635132,-0.5113982733965745,-0.48699559009712023
MERRIMACK,0.1207118853926658,0.2714144885540008,0.0962698981165885,0.2463888674974441,0.0244419872760772,0.0250256210565567,-0.20248202732124954,-0.09220444048467806
MESSALO,0.1202538013458252,0.2482673823833465,0.1129078194499015,0.2320428639650344,0.0073459818959236,0.0162245184183121,-0.06108731544209704,-0.06535098675693139
MEZEN,-1.9798426628112795,1.813628435134888,-3.0521132946014404,1.0037364959716797,1.072270631790161,0.8098919391632082,-0.5415938609321557,-0.4465589111161972
MIN JIANG,-0.868910014629364,0.9999056458473206,-1.3863584995269775,0.6098540425300598,0.5174484848976135,0.3900516033172607,-0.5955144677649188,-0.39008840977863546
MINO (also MINHO),-1.0884830951690674,1.1422637701034546,-1.7278610467910769,0.6645746231079102,0.6393779516220095,0.4776891469955444,-0.5874027391511293,-0.41819513101801364
MIRA,-0.295453816652298,0.5549852848052979,-0.5312079191207886,0.3825661838054657,0.2357541024684906,0.1724191009998321,-0.7979389304892127,-0.3106732839958467
MISSISSIPPI,-3.1063058376312256,2.68648648262024,-4.744315147399902,1.448561191558838,1.6380093097686768,1.2379252910614018,-0.5273174617660227,-0.4607971411990888
MITCHELL,0.0977713391184806,0.2706961035728454,0.0679758116602897,0.25747150182724,0.0297955274581909,0.0132246017456054,-0.3047470529383288,-0.04885405283289059
MOA (also MAKONA),-2.5314745903015137,2.2322943210601807,-3.892127275466919,1.2070554494857788,1.3606526851654053,1.025238871574402,-0.5374941112892401,-0.4592758499190584
MOBILE RIVER,0.0560331866145134,0.2930377125740051,0.0189877189695835,0.2636833488941192,0.0370454676449299,0.0293543636798859,-0.6611344077178468,-0.10017264816204376
MOGAMI,0.1172460317611694,0.2496476918458938,0.1040853634476661,0.2423732876777649,0.0131606683135033,0.0072744041681289,-0.11224830483228325,-0.029138679850560616
MONO,-7.586724281311035,6.067501068115234,-11.477052688598633,3.1202707290649414,3.8903284072875977,2.947230339050293,-0.5127810452886689,-0.4857403906425351
MOOSE,-0.4310851395130157,0.6534362435340881,-0.7458659410476685,0.4302191138267517,0.3147808015346527,0.2232171297073364,-0.7302056431132177,-0.34160506386984907
MOTAGUA,-0.1859151870012283,0.4600611627101898,-0.3604107797145843,0.3332403302192688,0.174495592713356,0.126820832490921,-0.9385763235802954,-0.2756608094102704
MOTALA STROM,-7.414009571075439,5.932417869567871,-11.199625015258787,3.0635199546813965,3.7856154441833487,2.8688979148864746,-0.5106029885572736,-0.4835967354227275
MOULOUYA,-0.1129301488399505,0.4252842962741852,-0.2536115646362304,0.3267821371555328,0.1406814157962799,0.0985021591186524,-1.2457383368515673,-0.23161485148077757
MUCURI,0.1183555796742439,0.2598671913146972,0.0948086604475975,0.2492659538984298,0.0235469192266463,0.0106012374162674,-0.1989506476285764,-0.04079482816832158
MURCHISON,-9.89005184173584,7.832624912261963,-14.929089546203612,4.017709255218506,5.039037704467772,3.814915657043457,-0.509505691689413,-0.4870545570324978
MURRAY,-7.699216842651367,6.165643692016602,-11.638456344604492,3.181490421295166,3.939239501953125,2.9841532707214355,-0.5116415841324161,-0.48399703579779946
NADYM,-0.0146239232271909,0.3525711297988891,-0.1180750355124473,0.2822811007499695,0.1034511122852564,0.0702900290489196,-7.074101161369968,-0.19936410870911045
NAKDONG,-0.3028598725795746,0.5518742203712463,-0.558879017829895,0.3729576766490936,0.2560191452503204,0.1789165437221527,-0.8453386150819732,-0.32419804571011746
NARMADA,-0.6444308757781982,0.826762855052948,-1.053005576133728,0.5251232385635376,0.4085747003555298,0.3016396164894104,-0.6340085736304075,-0.36484418070535185
NARVA,-0.6910771131515503,0.856889545917511,-1.129035472869873,0.5397975444793701,0.4379583597183227,0.3170920014381408,-0.6337329820127907,-0.3700500291418725
NASS,-0.6977442502975464,0.836175799369812,-1.1301522254943848,0.5141165852546692,0.4324079751968384,0.3220592141151428,-0.6197227351030726,-0.3851573010817394
NATASHQUAN,0.0929190292954444,0.276375412940979,0.0505159310996532,0.2571192979812622,0.0424030981957912,0.0192561149597167,-0.456344610111743,-0.06967376278087738
NEGRO,-0.347272127866745,0.5836846232414246,-0.6172572374343872,0.3965513706207275,0.2699851095676422,0.187133252620697,-0.7774453746867952,-0.32060678861381403
NELSON,-3.192889213562012,2.739765882492065,-4.881093502044678,1.4658557176589966,1.6882042884826656,1.2739101648330684,-0.5287387615304359,-0.4649704461880268
"NEMAN (also NEMUNAS, also NYOMAN)",-3.955160856246948,3.323235273361206,-6.020402431488037,1.762395262718201,2.0652415752410893,1.5608400106430051,-0.5221637375327377,-0.4696748446174054
NESTOS (also MESTA),0.1220659017562866,0.2365405410528183,0.1163689196109771,0.2326658219099044,0.0056969821453094,0.0038747191429139,-0.04667136410202357,-0.016380782447135336
NEVA,-1.0785096883773804,1.148304104804993,-1.7064274549484253,0.6837602257728577,0.6279177665710449,0.4645438790321352,-0.5822087398359381,-0.40454778232376426
NIGER,-0.6021722555160522,0.8001556992530823,-0.997295081615448,0.505556046962738,0.3951228260993957,0.2945996522903442,-0.6561624559749629,-0.36817790908112363
NILE,-0.7344388961791992,0.8897215127944946,-1.1888434886932373,0.5489307045936584,0.4544045925140381,0.3407908082008362,-0.6187098680067262,-0.3830308734813644
NOATAK,-3.070352554321289,2.635502338409424,-4.682621479034424,1.4118977785110474,1.6122689247131348,1.2236045598983765,-0.5251087281309074,-0.4642775466618805
NOTTAWAY,-0.0005469981697387,0.3506642282009125,-0.0892867445945739,0.2898023724555969,0.0887397464248352,0.0608618557453155,-162.2304265976356,-0.17356163204204808
NTEM,-2.363408327102661,2.1038403511047363,-3.647864580154419,1.1391793489456177,1.2844562530517578,0.9646610021591188,-0.543476232321815,-0.4585238616858787
NUECES,-0.0005760204512625,0.3496802151203155,-0.0848994776606559,0.2917755842208862,0.0843234572093934,0.0579046308994293,-146.3896933252568,-0.16559310019729284
NUSHAGAK,0.1148799061775207,0.2571848928928375,0.0950749292969703,0.2409543991088867,0.0198049768805504,0.0162304937839508,-0.17239722367065938,-0.06310827047961044
NYANGA,-2.781378507614136,2.41694974899292,-4.261245250701904,1.3008772134780884,1.479866743087768,1.1160725355148315,-0.5320623349308887,-0.46176902766798106
NYONG,-0.8918812274932861,0.9930534958839417,-1.4332438707351685,0.5911878943443298,0.5413626432418823,0.4018656015396118,-0.6069896153812224,-0.4046766898311971
OB,-1.549130916595459,1.5055385828018188,-2.413024663925171,0.8573564887046814,0.8638937473297119,0.6481820940971375,-0.5576634860714678,-0.43053170573075955
OCONA,0.1324769258499145,0.2360394299030304,0.1322415918111801,0.2358195036649704,0.0002353340387344,0.0002199262380599,-0.0017764153057191444,-0.0009317351687823833
ODER,-2.154626607894897,1.9498963356018064,-3.322335720062256,1.0687651634216309,1.1677091121673588,0.8811311721801756,-0.5419542801006382,-0.45188616240371954
OGOOUE,-5.527095794677734,4.504432678222656,-8.385765075683594,2.342040777206421,2.85866928100586,2.162391901016236,-0.5172100117675884,-0.48005865676950565
OIAPOQUE (also OYAPOK),-0.9234411716461182,1.0190600156784058,-1.4736003875732422,0.6121500730514526,0.550159215927124,0.4069099426269531,-0.5957707245675596,-0.39929929186365554
OKAVANGO (also CUBANGO),-7.902370929718018,6.333569049835205,-11.943655014038086,3.2797882556915283,4.041284084320068,3.0537807941436768,-0.5114014667575564,-0.48215796971900604
OLENEK,-10.083088874816896,7.967588424682617,-15.21142864227295,4.082021236419678,5.128339767456053,3.88556718826294,-0.508608010018079,-0.48767167443362486
OLFUSA,-6.003342628479004,4.875809192657471,-9.082751274108888,2.544058322906494,3.0794086456298846,2.331750869750977,-0.5129490079446087,-0.47822849041393645
OLIFANTS,-0.5207709074020386,0.7074279189109802,-0.8576032519340515,0.4589374661445617,0.3368323445320129,0.2484904527664185,-0.6467956249944203,-0.35125904155570586
OMOLOY,-0.2388791143894195,0.5272277593612671,-0.4556209444999695,0.3784147500991821,0.2167418301105499,0.148813009262085,-0.9073285065734904,-0.2822556411717983
ONEGA,0.0192179642617702,0.3335630297660827,-0.0657472908496856,0.2815559506416321,0.0849652551114558,0.0520070791244506,-4.421137117029351,-0.15591379884311987
ORANGE,-1.0960403680801392,1.1591590642929075,-1.7339589595794678,0.683958888053894,0.6379185914993286,0.4752001762390134,-0.5820210733813829,-0.40995251719735964
ORD,-1.1615056991577148,1.211679220199585,-1.828916430473328,0.7117668986320496,0.6674107313156132,0.4999123215675354,-0.5746082277509247,-0.4125781091510268
ORINOCO,-0.9789888858795166,1.0627797842025757,-1.5644214153289795,0.6257113218307495,0.5854325294494629,0.4370684623718261,-0.5979971150780885,-0.41125025980783697
ORONTES,0.0385795682668685,0.3055793642997741,-0.018498133867979,0.2644985616207123,0.0570777021348475,0.0410808026790618,-1.4794800641630015,-0.13443578814033222
OUEME,-2.042335033416748,1.87860107421875,-3.1471171379089355,1.0435266494750977,1.1047821044921875,0.8350744247436523,-0.5409406813356815,-0.4445192948113974
OULUJOKI,-1.0034736394882202,1.0626131296157837,-1.5933184623718262,0.6186804175376892,0.589844822883606,0.4439327120780945,-0.5878030071466867,-0.4177745406163109
PAHANG,-3.666134834289551,3.0925984382629395,-5.589534759521484,1.635930061340332,1.9233999252319336,1.4566683769226074,-0.5246397124410902,-0.4710176267633355
PALENA (also CORCOVADO),-0.778293788433075,0.918757975101471,-1.2615829706192017,0.5551237463951111,0.4832891821861267,0.3636342287063598,-0.6209598346649075,-0.3957889221763749
PALYAVAAM,-19.664419174194336,15.224183082580566,-29.577505111694336,7.704768657684326,9.9130859375,7.51941442489624,-0.5041128268110235,-0.4939125064450858
PANGANI,-0.1428653746843338,0.444994568824768,-0.3013622164726257,0.3267877399921417,0.1584968417882918,0.1182068288326262,-1.109413964989742,-0.2656365652839559
PANUCO,-0.8370399475097656,0.9571635723114014,-1.3429338932037354,0.5781094431877136,0.5058939456939697,0.3790541291236877,-0.6043844707758915,-0.3960181311626088
PAPALOAPAN,-0.1864188015460968,0.4678436517715454,-0.3573013544082641,0.3350874483585357,0.1708825528621673,0.1327562034130097,-0.9166594326587398,-0.2837618997507236
PARAGUACU,0.1008822470903396,0.27881920337677,0.0684607475996017,0.2580924332141876,0.0324214994907379,0.0207267701625823,-0.32137963245113477,-0.07433767083314628
PARAIBA DO SUL,0.0554606467485427,0.3031260967254638,0.0045895585790276,0.2706644237041473,0.0508710881695151,0.0324616730213165,-0.9172465730550069,-0.10708966787084821
PARAIBA,0.0788713842630386,0.2912370562553406,0.0312932655215263,0.2550416588783264,0.0475781187415122,0.0361953973770141,-0.6032367656035773,-0.1242815658227229
PARANA,-0.60352623462677,0.796918511390686,-0.9831200242042542,0.5132926106452942,0.3795937895774841,0.2836259007453918,-0.6289598824353192,-0.3559032657560459
PARNAIBA,-1.1366747617721558,1.182846188545227,-1.798354148864746,0.6876977682113647,0.6616793870925903,0.4951484203338623,-0.5821184822129645,-0.41860761367700844
PASCUA,-0.0046762032434344,0.3450587391853332,-0.0883082151412963,0.2816436886787414,0.0836320118978619,0.0634150505065918,-17.884597299162525,-0.18378045041349084
PATIA,-0.421931505203247,0.6412740349769592,-0.7351794838905334,0.4158176183700561,0.3132479786872864,0.2254564166069031,-0.7424142895809427,-0.3515757762046357
PATUCA,0.0502708964049816,0.3024897277355194,-0.0259190946817398,0.2729249894618988,0.0761899910867213,0.0295647382736206,-1.5155884723625366,-0.09773799095574712
PEARL,0.1175308972597122,0.2326104342937469,0.1121848970651626,0.2272013872861862,0.0053460001945496,0.0054090470075607,-0.045485913229577034,-0.023253673138024445
PECHORA,-3.378990173339844,2.8882997035980225,-5.160195350646973,1.543913960456848,1.7812051773071285,1.3443857431411743,-0.5271412717801895,-0.46545922553204633
PEE DEE,-4.1580891609191895,3.4977223873138428,-6.323495388031006,1.855008244514465,2.1654062271118164,1.6427141427993777,-0.5207695514237435,-0.46965252266945584
PENNER,-0.0954810082912445,0.4119470417499542,-0.2261419743299484,0.3153751492500305,0.1306609660387039,0.0965718924999237,-1.36844979307456,-0.23442793056526284
PENOBSCOT,0.1183162555098533,0.2502477169036865,0.1118920221924781,0.2422193735837936,0.0064242333173751,0.0080283433198929,-0.05429713178203304,-0.032081584676286176
PERAK,-1.2302428483963013,1.252818584442139,-1.917276620864868,0.7338534593582153,0.6870337724685667,0.5189651250839236,-0.5584537828154484,-0.4142380481328914
PINDARE,-12.405320167541504,9.72094440460205,-18.703527450561523,4.945876121520996,6.29820728302002,4.775068283081055,-0.5077021147345528,-0.49121444217091303
PIVDENNY BUH (also SOUTHERN BUG),-3.78322172164917,3.190089225769043,-5.759226322174072,1.6943165063858032,1.9760046005249023,1.4957727193832395,-0.5223073734265643,-0.4688811545773144
PONOY,-1.4765312671661377,1.4353972673416138,-2.304565191268921,0.8135891556739807,0.8280339241027832,0.6218081116676331,-0.5607967420100788,-0.4331958307397609
POOPO,-0.3870550394058227,0.6279136538505554,-0.656966507434845,0.4178916811943054,0.2699114680290223,0.21002197265625,-0.6973464767268492,-0.3344758811475624
POPIGAY,-0.2955805957317352,0.562892735004425,-0.5336795449256897,0.3929016292095184,0.2380989491939545,0.1699911057949066,-0.8055297019904846,-0.3019955583430479
POTOMAC,-3.798570156097412,3.1961636543273926,-5.795619010925293,1.6886188983917236,1.9970488548278809,1.507544755935669,-0.5257369938586617,-0.4716732054363217
PO,-0.3982719779014587,0.6293843388557434,-0.6902782917022705,0.4226391911506653,0.2920063138008118,0.2067451477050781,-0.7331831763294696,-0.32848791261783317
PRA,-3.024876832962036,2.6025824546813965,-4.626986026763916,1.3888087272644043,1.60210919380188,1.2137737274169922,-0.5296444391863234,-0.46637282336001157
PUELO,-1.156383991241455,1.202344536781311,-1.8300235271453853,0.697492241859436,0.6736395359039304,0.504852294921875,-0.5825396589767153,-0.41988987305865744
PULAU (also EILANDEN),0.1023739576339721,0.2912673950195312,0.0675919726490974,0.264983057975769,0.0347819849848747,0.0262843370437622,-0.33975422840674213,-0.09024126109961497
PUNGWE  (also PUNGOE),-17.438701629638672,13.542037963867188,-26.245338439941406,6.865849494934082,8.806636810302734,6.6761884689331055,-0.5050053035677293,-0.49299732335313823
PURARI,0.0507825203239917,0.2896797358989715,0.0095268338918685,0.259791612625122,0.0412556864321232,0.0298881232738494,-0.8123993486127224,-0.1031764378723172
PUR,-0.0508297607302665,0.3762238025665283,-0.171269342303276,0.2990840673446655,0.1204395815730095,0.0771397352218627,-2.3694697720914895,-0.20503682833364067
PYASINA,-2.660118579864502,2.3548741340637207,-4.083813667297363,1.280011534690857,1.423695087432861,1.0748625993728638,-0.5351998584609637,-0.45644163474589294
QIANTANG JIANG,-0.1732210665941238,0.4525655508041382,-0.3331480920314789,0.3357144296169281,0.159927025437355,0.11685112118721,-0.9232539008207462,-0.25819711858223393
QUOICH,-6.216125011444092,5.029730796813965,-9.412955284118652,2.604827642440796,3.1968302726745605,2.424903154373169,-0.5142802415957032,-0.4821139047658775
RAJANG,-0.7040842771530151,0.8621883988380432,-1.1376752853393557,0.5335195064544678,0.4335910081863405,0.3286688923835754,-0.6158225971748413,-0.38120310227615795
RAPEL,-0.4423479735851288,0.6534568071365356,-0.7617060542106628,0.4287686049938202,0.319358080625534,0.2246882021427154,-0.7219612153690004,-0.34384552993992806
RED,0.1345746219158172,0.2426806092262268,0.1341430246829986,0.2418318539857864,0.0004315972328186,0.0008487552404403,-0.0032071220165759634,-0.0034974168028776742
RHARSA,-0.2983356118202209,0.5588563680648804,-0.5289130806922913,0.3872857093811035,0.2305774688720703,0.1715706586837768,-0.7728794677419133,-0.30700313799387247
RHINE,-0.4115908145904541,0.6393834352493286,-0.7015270590782166,0.4285419285297394,0.2899362444877624,0.2108415067195892,-0.704428364797835,-0.3297575368641999
RHONE,-1.9370777606964111,1.786712646484375,-2.9951283931732178,0.9907801747322084,1.0580506324768066,0.7959324717521666,-0.5462096844766935,-0.4454731281598544
RIBEIRA DO IGUAPE,0.0636783689260482,0.284354418516159,0.017849463969469,0.2628390491008758,0.0458289049565791,0.0215153694152832,-0.7196934489606953,-0.07566391803424904
RIO DE LA PLATA,-1.86400043964386,1.7558213472366333,-2.875850915908813,0.9953394532203674,1.011850476264953,0.7604818940162659,-0.5428381103055315,-0.43312031444038207
RIO GRANDE (also BRAVO),-2.059784173965454,1.894003868103028,-3.1786208152771,1.0501573085784912,1.118836641311646,0.8438465595245364,-0.5431814922423084,-0.4455358163390161
ROANOKE,-8.414782524108887,6.698483943939209,-12.711427688598633,3.450221300125122,4.296645164489746,3.248262643814087,-0.5106067984739456,-0.4849250473688328
ROGUE,-1.907693862915039,1.7614717483520508,-2.9585108757019043,0.9707689881324768,1.0508170127868652,0.790702760219574,-0.550831049580026,-0.4488875628912686
ROPER,0.1201915591955185,0.2513510882854461,0.1112786903977394,0.2427228540182113,0.008912868797779,0.0086282342672348,-0.07415553020058854,-0.03432741957113061
RUFIJI,0.0002174907276639,0.3539942502975464,-0.0972980260848999,0.2896637618541717,0.0975155168125638,0.0643304884433746,-448.36631823339025,-0.18172749526101717
RUKWA,-0.1858400106430053,0.4753953516483307,-0.3709949553012848,0.3472217619419098,0.1851549446582795,0.1281735897064209,-0.9963136787263654,-0.2696147306910063
RUPERT,-0.018815828487277,0.3435397446155548,-0.0974724516272544,0.2811415195465088,0.0786566231399774,0.062398225069046,-4.1803433313161795,-0.18163320561023888
RUVUMA (also ROVUMA),-0.3882635533809662,0.6187371611595154,-0.6704981327056885,0.4149844050407409,0.2822345793247223,0.2037527561187744,-0.7269149444160994,-0.32930421657063746
RUVU,-0.3944894969463348,0.6051619052886963,-0.6729995608329773,0.4000152945518493,0.2785100638866425,0.2051466107368469,-0.7060012143353216,-0.3389945879672986
SABINE,0.1124354973435401,0.2585793137550354,0.0944885611534118,0.2498262971639633,0.0179469361901283,0.0087530165910721,-0.15961984083454075,-0.03385041310521948
SACRAMENTO,0.1049635484814643,0.2711771130561828,0.0865674912929534,0.2498484849929809,0.0183960571885109,0.0213286280632019,-0.17526138792610943,-0.0786520212669386
SAGUENAY,-0.0632900223135948,0.3836725950241089,-0.1767074912786483,0.3022626340389251,0.1134174689650534,0.0814099609851837,-1.7920276343573232,-0.21218602016666893
SAINT CROIX,0.1273742169141769,0.2410787940025329,0.1262411773204803,0.2362851202487945,0.0011330395936966,0.0047936737537384,-0.008895360624356571,-0.01988426138255876
SAINT JOHN (also SAINT-JEAN),0.1149364560842514,0.2533228695392608,0.1104727685451507,0.2435111701488495,0.0044636875391007,0.0098116993904113,-0.03883613338337754,-0.038731992134214605
SAINT JOHN RIVER,-2.0898590087890625,1.8989818096160889,-3.2222845554351807,1.0468531847000122,1.1324255466461182,0.8521286249160767,-0.5418669593898993,-0.44872921931166304
SAINT JOHNS,-1.6176317930221558,1.5394946336746216,-2.5007848739624023,0.8720890283584595,0.8831530809402466,0.6674056053161621,-0.5459543295018253,-0.43352252792407003
SAINT LAWRENCE (also SAINT-LAURENT),-2.096404790878296,1.9236372709274288,-3.230079174041748,1.0694783926010132,1.133674383163452,0.8541588783264156,-0.5407707462300234,-0.44403323393427824
SAINT PAUL RIVER,-3.7821764945983887,3.1833419799804688,-5.760429382324219,1.6832036972045898,1.97825288772583,1.500138282775879,-0.5230461588852667,-0.47124634808638527
SAKARYA,-0.046436883509159,0.3735166490077972,-0.1669488847255706,0.2958135902881622,0.1205120012164115,0.077703058719635,-2.5951784898020205,-0.20803104473667772
SALINAS,0.1223577111959457,0.2365012913942337,0.1211336776614189,0.2355297654867172,0.0012240335345267,0.0009715259075165,-0.010003730231326486,-0.004107909524675833
SALSA,0.0985636711120605,0.2782295346260071,0.0809043124318122,0.2649414241313934,0.0176593586802483,0.0132881104946137,-0.17916701438779362,-0.047759525287189325
SALWEEN,-0.2514798939228058,0.4996364712715149,-0.4636221826076507,0.3438725173473358,0.2121422886848449,0.155763953924179,-0.8435755454468422,-0.3117545713341912
SAN ANTONIO,0.0997263267636299,0.2538575828075409,0.08965615183115,0.2467969357967376,0.0100701749324799,0.0070606470108033,-0.10097809935733523,-0.027813417794008744
SAN JOAQUIN,-0.0483445040881633,0.3628966808319092,-0.1384264081716537,0.2948190569877624,0.0900819040834904,0.0680776238441467,-1.863332881007794,-0.18759505787731298
SAN JUAN,-0.6787998080253601,0.847765326499939,-1.127143383026123,0.5180186629295349,0.4483435750007629,0.329746663570404,-0.6604945518546946,-0.388959837425514
SAN PEDRO,0.0324005745351314,0.3131128549575805,-0.0374511592090129,0.2724649906158447,0.0698517337441443,0.0406478643417357,-2.1558794788779205,-0.12981857403217323
SANAGA,-2.655555248260498,2.3300676345825195,-4.082111835479736,1.250533103942871,1.4265565872192385,1.0795345306396484,-0.5371971033755346,-0.46330609232854725
SANTA CRUZ,-0.6605648994445801,0.8273451924324036,-1.072371244430542,0.5205664038658142,0.4118063449859619,0.3067787885665893,-0.6234154211527425,-0.3707990224305969
SANTA,-0.1326647996902465,0.4265141785144806,-0.2903331518173218,0.3217350840568542,0.1576683521270752,0.1047790944576264,-1.1884716405196294,-0.24566380142991903
SANTEE,-1.08592689037323,1.1592270135879517,-1.7070788145065308,0.6891751885414124,0.6211519241333008,0.4700518250465393,-0.5720016049329183,-0.40548729415101403
SANTIAGO,-0.1004671230912208,0.4134159684181213,-0.2480649799108505,0.3197694420814514,0.1475978568196297,0.0936465263366698,-1.4691159881786977,-0.22651889015074883
SAO FRANCISCO,0.0177104137837886,0.3216407895088196,-0.0468019172549247,0.2773194313049316,0.0645123310387133,0.0443213582038879,-3.6426213315109153,-0.13779769124299043
SARYSU,-0.0350659750401973,0.365194708108902,-0.1311830580234527,0.2935609817504883,0.0961170829832554,0.0716337263584137,-2.7410355158547044,-0.19615214779358833
SASSANDRA,-2.6664845943450928,2.33341383934021,-4.098577499389648,1.249508261680603,1.4320929050445557,1.083905577659607,-0.5370715090878999,-0.4645149348930275
SAVANNAH,-0.231689915060997,0.4995730519294739,-0.4049282968044281,0.3684063851833343,0.1732383817434311,0.1311666667461395,-0.7477165404364822,-0.2625575303542529
SAVE,-9.418596267700195,7.45329475402832,-14.225043296813965,3.811587810516357,4.8064470291137695,3.6417069435119633,-0.5103145832460014,-0.488603639557353
SCHELDE (also ESCAUT),-0.0359901301562786,0.366227775812149,-0.1322280913591385,0.2990621626377105,0.0962379612028598,0.0671656131744384,-2.674009812828388,-0.18339846841352106
SEAL,-1.274925708770752,1.2835772037506104,-1.9984344244003296,0.7415916919708252,0.7235087156295776,0.5419855117797852,-0.5674908825292767,-0.42224613384851684
SEBOU,-0.0039439387619495,0.3326722681522369,-0.0832576528191566,0.2832983434200287,0.0793137140572071,0.0493739247322081,-20.110280317334876,-0.14841611236922758
SEINE,-0.5131347179412842,0.728129506111145,-0.862394392490387,0.4772866368293762,0.3492596745491028,0.2508428692817688,-0.6806393376584335,-0.3445030961888791
SEMBAKUNG,0.0310161300003528,0.3169886469841003,-0.0600072629749774,0.2602579891681671,0.0910233929753302,0.0567306578159331,-2.9347114863877226,-0.17896747519408385
SENEGAL,-2.5020787715911865,2.217694997787476,-3.8405938148498535,1.2088803052902222,1.338515043258667,1.008814692497254,-0.5349611924517644,-0.4548933435408008
SEPIK,0.0348608084022998,0.3019889891147613,-0.0210371315479278,0.2647873759269714,0.0558979399502276,0.0372016131877899,-1.603460806334599,-0.12318864107211747
SERRANO,0.0187885779887437,0.3409903049468994,-0.0539716593921184,0.2803558111190796,0.0727602373808621,0.0606344938278198,-3.8725781921576505,-0.17781882050066528
SEVERNAYA DVINA,-3.893179655075073,3.2642524242401123,-5.929805278778076,1.7252118587493896,2.036625623703004,1.5390405654907229,-0.5231265454313412,-0.47148331852705816
SEVERN,-1.078778862953186,1.1532578468322754,-1.7102100849151611,0.6872072219848633,0.6314312219619751,0.4660506248474121,-0.5853203503018359,-0.4041165868739087
SHANNON,0.0241124629974365,0.3165460228919983,-0.0534474998712539,0.2743785083293915,0.0775599628686904,0.0421675145626068,-3.216592302368121,-0.13321132319831377
SHATT AL ARAB,-0.2148609012365341,0.4936539530754089,-0.4117369055747986,0.3509200811386108,0.1968760043382645,0.1427338719367981,-0.9162951621501831,-0.289137504212378
SHINANO GAWA,-9.301488876342772,7.3856964111328125,-14.027939796447754,3.7985317707061768,4.726450920104982,3.587164640426636,-0.5081391788927627,-0.48569077860004256
SITTANG,-0.5954864621162415,0.7837754487991333,-0.9862205386161804,0.4980955123901367,0.3907340764999389,0.2856799364089966,-0.6561594618143746,-0.3644920708433812
SIXAOLA,-0.1367160975933075,0.4398579001426697,-0.2851004600524902,0.3363438844680786,0.1483843624591826,0.103514015674591,-1.085346678783833,-0.23533512900647205
SKAGIT,-0.0887220650911331,0.3893822729587555,-0.2239838391542434,0.3032976984977722,0.1352617740631103,0.0860845744609832,-1.524556196073353,-0.221079849903957
SKEENA,-0.5359732508659363,0.7309614419937134,-0.8907521963119507,0.4690024852752685,0.3547789454460144,0.2619589567184449,-0.6619340515087678,-0.35837588916310836
SOUTH ESK,-0.2859650254249573,0.533941388130188,-0.525524377822876,0.3628877699375152,0.2395593523979187,0.1710536181926727,-0.8377225573019722,-0.32036029046500086
STIKINE,-0.2697953581809997,0.5438690781593323,-0.4940025210380554,0.3813254535198211,0.2242071628570557,0.1625436246395111,-0.8310267617971401,-0.29886535412092735
STRUMA RIVER,-0.0748454928398132,0.401744931936264,-0.2016490250825882,0.320115178823471,0.126803532242775,0.0816297531127929,-1.6942039851907196,-0.20318800966416015
SUNGAI FLY (also FLY RIVER),0.0530519895255565,0.2878101170063019,0.0081302765756845,0.2587771117687225,0.044921712949872,0.0290330052375794,-0.8467488844736363,-0.10087555482611368
SURINAME RIVIER,-1.7989697456359863,1.6845641136169434,-2.777407646179199,0.9444645047187804,0.9784379005432128,0.740099608898163,-0.5438879130217432,-0.43934190626267594
SUSITNA,0.0043610460124909,0.3263520896434784,-0.0672798752784729,0.2775965332984924,0.0716409212909638,0.048755556344986,-16.427462834780922,-0.14939556966909195
SUSQUEHANNA,-6.2089433670043945,5.028132915496826,-9.40420627593994,2.609062671661377,3.195262908935545,2.419070243835449,-0.5146226531741023,-0.481107059914788
SUWANNEE,0.1268839091062545,0.235926479101181,0.1223973482847213,0.2334225326776504,0.0044865608215331,0.0025039464235306,-0.03535957280269538,-0.010613248809841084
SVARTA,-6.791843414306641,5.445291519165039,-10.28039836883545,2.800300121307373,3.4885549545288086,2.644991397857666,-0.5136388962060523,-0.48573917274189193
TAFNA,0.1256518810987472,0.239273652434349,0.1204756870865821,0.2375426888465881,0.005176194012165,0.0017309635877608,-0.0411947196245891,-0.007234242341980519
TAGUS,-0.2171219438314438,0.4952420592308044,-0.4004934728145599,0.3631602227687835,0.1833715289831161,0.1320818364620208,-0.8445554868717976,-0.26670157350360457
TAKU,-0.1219132095575332,0.4165121018886566,-0.2821512222290039,0.3168339133262634,0.1602380126714707,0.0996781885623931,-1.3143613661967557,-0.23931642828721333
TALAS,0.0771530419588089,0.2878966629505157,0.0370781272649765,0.2569589912891388,0.0400749146938324,0.0309376716613768,-0.5194210581512512,-0.10746102905226981
TANA,-4.370132923126221,3.627936124801636,-6.6436448097229,1.9083231687545776,2.27351188659668,1.7196129560470583,-0.5202386120947321,-0.4739920706683008
TANO (also TANOE),-0.8269621133804321,0.9422708749771118,-1.3299133777618408,0.5690538883209229,0.5029512643814087,0.3732169866561889,-0.6081914228518388,-0.39608248176539956
TAPI,-0.2102739959955215,0.4926659762859344,-0.4168314337730407,0.3532313108444214,0.2065574377775192,0.139434665441513,-0.9823251648383502,-0.28302069181369177
TARIM HE (also TALIMU HE),-0.8275753855705261,0.9662265181541444,-1.325540542602539,0.5939832925796509,0.4979651570320129,0.3722432255744935,-0.601715765976677,-0.38525461533142136
TAZ,-0.2253431379795074,0.5042360424995422,-0.4283463656902313,0.362587958574295,0.2030032277107239,0.1416480839252472,-0.9008627000178943,-0.2809162217422723
THAMES,-0.0036471504718065,0.3526452481746673,-0.1032207310199737,0.2957746982574463,0.0995735805481672,0.056870549917221,-27.30174730050186,-0.1612684424689956
THELON,-1.5489013195037842,1.4982761144638062,-2.412574291229248,0.8496248126029968,0.8636729717254639,0.6486513018608093,-0.5576036128642176,-0.4329317510964557
THJORSA,-4.86688232421875,3.9971532821655273,-7.389886856079102,2.087321519851685,2.523004531860352,1.9098317623138423,-0.5184026166618593,-0.47779797958590114
THLEWIAZA,-0.435293585062027,0.6500931978225708,-0.7322835326194763,0.4282325208187103,0.2969899475574493,0.2218606770038604,-0.6822750386159031,-0.3412751859994275
THU BON,0.1082087382674217,0.2421862781047821,0.0868573561310768,0.2273111343383789,0.0213513821363448,0.0148751437664031,-0.19731661673734843,-0.06142025833506329
TIJUANA (also TIA JUANA),0.1214314252138137,0.2411206662654876,0.1165865808725357,0.229459524154663,0.0048448443412779,0.0116611421108245,-0.03989778043654928,-0.04836226728896396
TITICACA,0.0029952509794384,0.3510855436325073,-0.0764125287532806,0.2910004258155823,0.079407779732719,0.060085117816925,-26.511227365530385,-0.17114096238556065
TOCANTINS,-0.7820063829421997,0.9185692071914672,-1.2568718194961548,0.5640941262245178,0.4748654365539551,0.3544750809669493,-0.607239847285305,-0.3858991551118503
TONE,0.109969824552536,0.2659696936607361,0.0922593027353286,0.2464644908905029,0.0177105218172073,0.0195052027702331,-0.16104892309568544,-0.07333618541935648
TORGHAY,-0.9876188635826112,1.073224663734436,-1.5669499635696411,0.6388106942176819,0.5793310999870299,0.4344139695167541,-0.5865937978194264,-0.4047744933527242
"TORNEALVEN (also TORNIONJOKI, also TORNIONVAYLA)",-13.386274337768556,10.490381240844728,-20.172510147094727,5.3559088706970215,6.78623580932617,5.134472370147707,-0.5069547835411694,-0.489445736267089
TRENT,-0.0055428189225494,0.3413921892642975,-0.0983110070228576,0.2907984852790832,0.0927681881003082,0.0505937039852142,-16.73664418711333,-0.148198188406841
TRINITY,0.1053272858262062,0.2598384916782379,0.0880068689584732,0.2484703809022903,0.0173204168677329,0.0113681107759476,-0.16444377856951806,-0.043750680288065
TSIRIBIHINA,-3.045019149780273,2.622117519378662,-4.668703556060791,1.3982760906219482,1.623684406280518,1.223841428756714,-0.5332263366546257,-0.4667378253308478
TUBAN,-0.7000584006309509,0.8506636023521423,-1.1246368885040283,0.530214250087738,0.4245784878730774,0.3204493522644043,-0.6064900978124281,-0.376705140996206
TULOMA,-7.6591477394104,6.127388000488281,-11.582796096801758,3.1561479568481445,3.923648357391357,2.9712400436401367,-0.5122826312909586,-0.4849113591963433
TUMBES (also TUMBEZ),0.1193504631519317,0.2542324066162109,0.1169071346521377,0.2424356937408447,0.0024433284997939,0.0117967128753661,-0.020471881174718733,-0.046401294911134185
TUMEN,0.0741111040115356,0.2969435155391693,0.0327087566256523,0.2654268145561218,0.0414023473858833,0.0315167009830474,-0.558652417044535,-0.10613702382361055
TWEED,-0.9150090217590332,1.0310479402542114,-1.4584403038024902,0.6240063309669495,0.543431282043457,0.4070416092872619,-0.5939081136038997,-0.39478436782183307
ULUA,0.0510805360972881,0.3131194710731506,-0.0199382156133651,0.2760721445083618,0.0710187517106532,0.0370473265647887,-1.3903290203413434,-0.11831690452790083
ULUNGUR HU,-1.3138806819915771,1.3074568510055542,-2.0440378189086914,0.7553542852401733,0.7301571369171143,0.5521025657653809,-0.5557256050148662,-0.42227211195594205
UMBA,0.0985211580991745,0.2663722634315491,0.0648128390312194,0.248822882771492,0.0337083190679551,0.017549380660057,-0.34214294389458194,-0.06588291301044868
UMBELUZI (also UMBULUZI),-0.124216578900814,0.4226482808589935,-0.2711443305015564,0.3090157806873321,0.1469277516007424,0.1136325001716613,-1.1828352777133162,-0.2688583044528511
URAL (also ORAL),-0.4534268081188202,0.6727433204650879,-0.7710615396499634,0.444142609834671,0.3176347315311432,0.2286007106304168,-0.7005204055952228,-0.33980376122111217
URUGUAY,-10.329140663146973,8.162991523742676,-15.578413009643556,4.179643630981445,5.249272346496584,3.9833478927612314,-0.5082002963930294,-0.4879764827851852
USUMACINTA,-0.414986789226532,0.6396194100379944,-0.7009925842285156,0.4265221059322357,0.2860057950019836,0.2130973041057586,-0.6891925295623315,-0.33316266010923645
UTAMBONI (also MITEMBONI),-0.0683594718575477,0.391605406999588,-0.1953094452619552,0.3086779117584228,0.1269499734044075,0.0829274952411652,-1.8570941225080677,-0.21176289642306306
UTHUKELA,-0.7978572845458984,0.924977481365204,-1.2818260192871094,0.571388840675354,0.4839687347412109,0.3535886406898499,-0.6065855938341935,-0.38226729602971216
UVS NUUR (also UBSU-NUR),-2.154223680496216,1.952187180519104,-3.310178756713867,1.081038236618042,1.1559550762176514,0.871148943901062,-0.5365993729821883,-0.4462425286848855
VALDIVIA,-1.027290105819702,1.1037943363189695,-1.660400152206421,0.6454112529754639,0.633110046386719,0.4583830833435056,-0.616291389160751,-0.4152794304708628
VAM CO,0.097786009311676,0.2976517379283905,0.0510691404342651,0.2614594101905823,0.0467168688774108,0.0361923277378082,-0.47774593938596016,-0.12159286550685429
VARDAR,-0.0633869990706443,0.3937350511550903,-0.1805373430252075,0.3216352462768554,0.1171503439545632,0.0720998048782348,-1.8481762139267721,-0.18311756768089998
VARZUGA,-0.6422024965286255,0.7890821099281311,-1.070791721343994,0.470967948436737,0.4285892248153684,0.3181141614913941,-0.6673739624683389,-0.40314456187628894
VASA BARRIS,0.0902853235602378,0.2800250947475433,0.0602864436805248,0.2433296591043472,0.029998879879713,0.036695435643196,-0.33226751255643383,-0.13104338265211146
VERDE,-0.4233843386173248,0.6629712581634521,-0.7148740291595459,0.443086177110672,0.2914896905422211,0.2198850810527801,-0.6884753732132818,-0.33166608408017684
VICTORIA,-1.508736491203308,1.492635726928711,-2.3318421840667725,0.8726718425750732,0.8231056928634644,0.6199638843536377,-0.5455596107488512,-0.41534841567091035
VISTULA,-2.1957271099090576,1.987979769706726,-3.386857032775879,1.0942541360855105,1.1911299228668213,0.8937256336212156,-0.54247630203744,-0.44956475274044727
VOLGA,-1.0416955947875977,1.1177622079849243,-1.6510334014892578,0.6630991697311401,0.6093378067016602,0.4546630382537842,-0.5849480498435865,-0.4067618631277936
VOLTA,-1.4150573015213013,1.4166107177734375,-2.217803478240967,0.8133371472358704,0.8027461767196655,0.6032735705375671,-0.567288812867612,-0.4258569859514859
VYG,-0.9330809712409972,1.0327433347702026,-1.49183189868927,0.6154194474220276,0.5587509274482728,0.417323887348175,-0.5988236226756767,-0.4040925497147212
WAIAU,-1.932717442512512,1.7816922664642334,-2.983349561691284,0.9905309081077576,1.0506321191787722,0.7911613583564758,-0.5436035791206818,-0.44405050930963225
WAIKATO,0.0446751415729522,0.314191073179245,-0.0450963862240314,0.2704266905784607,0.0897715277969836,0.0437643826007843,-2.0094290613582353,-0.13929225346200994
WESER,-0.4553912580013275,0.6558943390846252,-0.7784914970397949,0.4213901162147522,0.3231002390384674,0.234504222869873,-0.7095003106922302,-0.3575335368760008
WINISK,-0.3724606335163116,0.6123676300048828,-0.6562678813934326,0.4107818603515625,0.283807247877121,0.2015857696533203,-0.761979179377334,-0.3291907667485836
YALU RIVER,-1.020680546760559,1.0973745584487915,-1.6240806579589844,0.6461619138717651,0.6034001111984253,0.4512126445770263,-0.5911743033738612,-0.41117469063146866
YANA,-0.556218683719635,0.7537447810173035,-0.9295210242271424,0.4771516919136047,0.3733023405075074,0.2765930891036988,-0.6711431158894197,-0.36695854627396635
YANGTZE,-1.4730288982391355,1.4428712129592896,-2.289963483810425,0.8283547759056091,0.8169345855712893,0.6145164370536804,-0.5545950840121712,-0.425898327954942
YAQUI,-0.2298756539821624,0.4981694519519806,-0.4451839327812195,0.3549980521202087,0.2153082787990571,0.1431713998317719,-0.9366293257648082,-0.28739498030395577
YELCHO,-0.2705418765544891,0.5430600643157959,-0.500584065914154,0.381371408700943,0.2300421893596649,0.1616886556148529,-0.8503015957802482,-0.2977362288986675
YELLOW RIVER,-0.7956705093383789,0.9350680112838744,-1.283767819404602,0.5762727856636047,0.4880973100662231,0.3587952256202696,-0.6134414991352249,-0.38371029838528414
YENISEY,-2.2032032012939453,1.9976224899291992,-3.3968639373779297,1.0995341539382937,1.1936607360839844,0.8980883359909055,-0.5417842237079835,-0.449578606828128
YODO,-12.496468544006348,9.80135440826416,-18.82937812805176,5.001736164093018,6.332909584045414,4.799618244171143,-0.5067759392778892,-0.48968928621989954
YSYK-KOL (also ISSYK-KUL),0.1262940913438797,0.2480001896619796,0.1203548684716224,0.2404038459062576,0.0059392228722573,0.0075963437557219,-0.047026925876410934,-0.030630394944760685
YUKON,-0.2978667914867401,0.5558143854141235,-0.5158323049545288,0.3922373056411743,0.2179655134677887,0.1635770797729492,-0.7317549981985544,-0.2943016303024831
ZAMBEZI,-30.134361267089844,23.177780151367188,-45.29719161987305,11.678695678710938,15.162830352783203,11.49908447265625,-0.5031741080685437,-0.4961253578884237
ZAPALERI,0.1045374721288681,0.2811297178268432,0.0860347971320152,0.2440626323223114,0.0185026749968529,0.0370670855045318,-0.17699562290968557,-0.13185047027779045
ZHEM (also EMBA),0.0249940622597932,0.3203445076942444,-0.0424358695745468,0.2805464267730713,0.06742993183434,0.039798080921173,-2.697838035828671,-0.12423525287706422
ZHU,0.1258497834205627,0.2416486293077469,0.1254851669073104,0.2413749545812606,0.0003646165132522,0.0002736747264862,-0.0028972359216051786,-0.0011325316732409693
