Basin,OrigFRI,OrigDRI,ParetoBestFRI,ParetoBestDRI,SurplusFRI,SurplusDRI
ABHE BAD (also ABHE BID HAYK),-0.2330633848905563,0.4958175420761108,-0.4326544404029846,0.3512001633644104,0.1995910555124283,0.14461737871170038
ACARAU,-0.0339673571288585,0.3600535690784454,-0.1558782309293747,0.2896812558174133,0.1219108738005162,0.0703723132610321
AISEN,-0.4966653287410736,0.7079262733459473,-0.8346530795097351,0.459941953420639,0.3379877507686615,0.24798431992530828
ALAKOL,0.1183456629514694,0.2416810840368271,0.1149122193455696,0.2395521402359008,0.003433443605899797,0.0021289438009262918
ALAZEYA,-1.1195603609085083,1.1766798496246338,-1.767813205718994,0.6946889162063599,0.6482528448104856,0.4819909334182739
ALBANY,-0.9687432050704956,1.0572309494018557,-1.547713279724121,0.6247280240058899,0.5789700746536255,0.4325029253959658
ALSEK,0.1177920997142791,0.2582488358020782,0.1102489307522773,0.2509942054748535,0.0075431689620018005,0.007254630327224676
ALTAMAHA,0.1296600997447967,0.2314263880252838,0.1279142796993255,0.2304191887378692,0.0017458200454711914,0.0010071992874146063
AMACURO (also AMAKURA),0.1020303070545196,0.2598373293876648,0.0894689708948135,0.2352286428213119,0.012561336159706102,0.0246086865663529
AMAZON (also AMAZONAS),-1.2103307247161863,1.246058225631714,-1.89913809299469,0.7289735674858093,0.6888073682785036,0.5170846581459048
AMUR,-1.0039793252944946,1.0929235219955444,-1.598867654800415,0.6508312821388245,0.5948883295059204,0.44209223985671997
ANABAR,-0.4579623639583587,0.6918941140174866,-0.7837138772010803,0.4512709677219391,0.3257515132427216,0.24062314629554749
ANADYR,-2.579896926879883,2.282088279724121,-3.951068162918091,1.245045781135559,1.371171236038208,1.037042498588562
ANDERSON,-0.3949305713176727,0.6239745020866394,-0.6793321967124939,0.4146263599395752,0.2844016253948212,0.2093481421470642
ANGERMANALVEN,-3.082358121871948,2.641329288482666,-4.71220064163208,1.407083511352539,1.6298425197601323,1.234245777130127
APALACHICOLA,0.1300344467163086,0.2426172643899917,0.1217744648456573,0.2381379306316375,0.0082599818706513,0.004479333758354215
ARAGUARI,-0.523745059967041,0.7213817834854126,-0.865645706653595,0.4682649970054626,0.34190064668655396,0.25311678647995
ARAL SEA,-0.6811293959617615,0.8445587754249573,-1.1009079217910769,0.5316188931465149,0.4197785258293154,0.3129398822784424
ARMERIA,0.0930791273713111,0.2671342492103576,0.0605901330709457,0.2482995688915252,0.032488994300365406,0.018834680318832397
ARNAUD,-0.6503418684005737,0.811477780342102,-1.050167441368103,0.5082962512969971,0.3998255729675293,0.303181529045105
ASHBURTON,-9.554604530334473,7.56088924407959,-14.4326171875,3.8611302375793457,4.878012657165527,3.699759006500244
ATOUI,0.1134929433465004,0.2535021007061004,0.1082665026187896,0.2444994151592254,0.005226440727710793,0.009002685546875
ATRATO,-1.0674740076065063,1.1301119327545166,-1.6991479396820068,0.6632496118545532,0.6316739320755005,0.4668623208999634
ATREK,0.124338299036026,0.2380417734384536,0.1211009919643402,0.2354253679513931,0.003237307071685805,0.0026164054870604914
ATTAWAPISKAT,-0.8803139925003052,0.986604630947113,-1.414556622505188,0.590356707572937,0.5342426300048828,0.396247923374176
AZOPARDO,0.1089285314083099,0.2439520359039306,0.0986287891864776,0.2249602079391479,0.01029974222183229,0.018991827964782715
BACK,-1.4446560144424438,1.4230258464813232,-2.267047643661499,0.810857355594635,0.8223916292190552,0.6121684908866882
BAKER,-0.2521728873252868,0.5231972932815552,-0.4691177308559418,0.3706456422805786,0.21694484353065496,0.15255165100097656
"BALEINE, GRANDE RIVIERE DE LA",-0.6096893548965454,0.7734571695327759,-0.9933746457099916,0.4898598194122314,0.38368529081344616,0.2835973501205445
"BALEINE, RIVIERE DE LA",0.1215957328677177,0.2367515712976455,0.1131070330739021,0.2226080894470214,0.008488699793815599,0.014143481850624112
BANCANNIA LAKE,-5.58723783493042,4.555729389190674,-8.474148750305176,2.3741517066955566,2.886910915374756,2.181577682495117
BANDAMA,-2.8817689418792725,2.5168397426605225,-4.420876502990723,1.3560620546340942,1.5391075611114502,1.1607776880264282
BARAKA,0.0220684856176376,0.318916767835617,-0.0458745807409286,0.2692130506038666,0.0679430663585662,0.04970371723175043
BENGAWAN SOLO,-1.1821483373641968,1.202009677886963,-1.8777432441711424,0.6905410289764404,0.6955949068069456,0.5114686489105225
BIA,-3.219477891921997,2.7649519443511963,-4.911849021911621,1.4769318103790283,1.692371129989624,1.288020133972168
BIOBIO,-0.7975741028785706,0.9215559363365172,-1.2964448928833008,0.546922504901886,0.4988707900047302,0.37463343143463124
BLACKWOOD,-1.038380146026611,1.1182560920715332,-1.648396372795105,0.6684052348136902,0.6100162267684939,0.449850857257843
BRAHMANI,-9.544187545776367,7.552911758422852,-14.41047477722168,3.863107919692993,4.8662872314453125,3.6898038387298584
BRAHMAPUTRA,-0.6096664071083069,0.7874985933303833,-0.999263882637024,0.4985067248344421,0.38959747552871715,0.2889918684959412
BRANTAS,-2.552943706512451,2.242229461669922,-3.9288864135742183,1.203949213027954,1.3759427070617671,1.0382802486419678
BRAZOS,-0.0757384970784187,0.406684547662735,-0.1947815865278244,0.318069577217102,0.1190430894494057,0.08861497044563299
BULLER,-0.5940629839897156,0.7694100141525269,-0.9862411618232728,0.4778420329093933,0.39217817783355724,0.29156798124313354
BULUNGAN,-4.502499103546143,3.722257137298584,-6.843544483184815,1.9503196477890012,2.3410453796386728,1.7719374895095827
BURDEKIN,-0.7990021705627441,0.935908019542694,-1.2906864881515503,0.5748432278633118,0.49168431758880615,0.3610647916793822
BUZI (also BUDZI),-18.027158737182617,13.980127334594728,-27.136831283569336,7.072762489318848,9.109672546386719,6.907364845275881
CANCOSA,-1.639858961105347,1.565094232559204,-2.5503334999084477,0.8739028573036194,0.9104745388031008,0.6911913752555847
CANDELARIA,-0.2449241876602172,0.5472943186759949,-0.4913989901542663,0.3690429627895355,0.2464748024940491,0.17825135588645935
CANETE,0.1250803768634796,0.2531195282936096,0.1162665635347366,0.2383640557527542,0.008813813328742981,0.014755472540855408
CANIAPISCAU,-0.2871274352073669,0.5510509014129639,-0.5028764605522156,0.3930603563785553,0.2157490253448487,0.15799054503440857
CAPE FEAR,-1.7125229835510254,1.6214014291763306,-2.6589715480804443,0.9092972278594972,0.946448564529419,0.7121042013168334
CAPIM,-1.484125733375549,1.4571080207824707,-2.331381559371948,0.8188748359680176,0.8472558259963987,0.6382331848144531
CATATUMBO,-0.0212923642247915,0.3510399758815765,-0.1232607662677764,0.2838084697723388,0.10196840204298491,0.06723150610923767
CAUVERY,-0.0839119330048561,0.3942056894302368,-0.1936562806367874,0.3091341853141784,0.10974434763193129,0.0850715041160584
CAVALLY,-1.304007887840271,1.302471160888672,-2.056688070297241,0.7396731376647949,0.7526801824569702,0.5627980232238772
CESTOS (also NUON),-5.869289875030518,4.756136417388916,-8.886919021606445,2.4722084999084477,3.0176291465759277,2.2839279174804683
CHAD,-1.85856568813324,1.7545374631881714,-2.884252548217773,0.9838920831680298,1.025686860084533,0.7706453800201416
CHANGUINOLA,0.1141034364700317,0.2353827506303787,0.1068437919020652,0.2300405204296112,0.007259644567966503,0.005342230200767489
CHAO PHRAYA,-0.0216435566544532,0.3477083444595337,-0.1018791049718856,0.2883318066596985,0.0802355483174324,0.059376537799835205
CHELIF,0.1149575188755989,0.268798828125,0.0970023795962333,0.2576445341110229,0.017955139279365595,0.011154294013977106
CHERGUI,-0.0006311333272606,0.3297690451145172,-0.0747622698545456,0.2813365161418915,0.074131136527285,0.04843252897262573
CHEW BAHIR (also LAKE STEFANIE),-0.3952204883098602,0.6223944425582886,-0.6662698984146118,0.4185447692871094,0.27104941010475164,0.2038496732711792
CHICO,0.0914889499545097,0.2684584856033325,0.0663910061120987,0.2541096806526184,0.025097943842411,0.014348804950714111
"CHILOANGO (also SHILOANGO, also LOUANGO)",-19.68216896057129,15.264122009277344,-29.62489891052246,7.725527286529541,9.942729949951172,7.538594722747803
CHIRA,0.0677761733531951,0.2901739478111267,0.0171979628503322,0.2654877305030823,0.05057821050286289,0.024686217308044434
CHOLUTECA,0.0305690672248601,0.3285592794418335,-0.0412948988378047,0.290020614862442,0.07186396606266479,0.03853866457939148
CHUBUT,-0.1086705401539802,0.4045057892799377,-0.2389892935752868,0.3119852542877197,0.1303187534213066,0.09252053499221796
CHURCHILL,-0.6346779465675354,0.8083682656288147,-1.032827615737915,0.5126844048500061,0.39814966917037964,0.2956838607788086
CHUY (also SHU),0.1073215007781982,0.2473000288009643,0.0969268530607223,0.2404963970184326,0.010394647717475905,0.0068036317825317105
CISNES,-0.3134274184703827,0.5614893436431885,-0.567539393901825,0.3803550899028778,0.25411197543144226,0.18113425374031067
CLUTHA,-0.3257008194923401,0.5726034045219421,-0.575526773929596,0.3901415169239044,0.24982595443725586,0.18246188759803772
COCO,0.0125296898186206,0.3326755464076996,-0.0790145546197891,0.2809555828571319,0.0915442444384097,0.05171996355056768
COIG,0.1255091875791549,0.2368005961179733,0.1201686561107635,0.2284939289093017,0.0053405314683914185,0.008306667208671598
COLORADO (also COLORADO RIVER),-0.4215092658996582,0.6590677499771118,-0.7126571536064148,0.4420406222343445,0.2911478877067566,0.21702712774276733
COLORADO,-0.1520498394966125,0.4550988376140594,-0.3150342404842376,0.3391975164413452,0.16298440098762512,0.11590132117271418
COLUMBIA,-0.9937511682510376,1.0699985027313232,-1.5853326320648191,0.6295595765113831,0.5915814638137815,0.4404389262199402
COLVILLE,-0.9320663213729858,1.0439121723175049,-1.4770973920822144,0.6342061758041382,0.5450310707092285,0.4097059965133667
COMOE (also KOMOE),-3.576331615447998,3.035696029663086,-5.449865818023682,1.6144806146621704,1.8735342025756836,1.4212154150009155
CONCEPCION,0.0441051311790943,0.3145257532596588,-0.0345448814332485,0.27100270986557,0.0786500126123428,0.0435230433940888
CONGO,-12.469170570373535,9.77677059173584,-18.801082611083984,4.979489803314209,6.331912040710449,4.797280788421631
CONNECTICUT,-0.0322064831852912,0.3666180372238159,-0.1207735016942024,0.3024287521839142,0.08856701850891119,0.06418928503990173
COPIAPO,0.0740395039319992,0.3050592541694641,0.0235163383185863,0.2698241472244262,0.050523165613412906,0.0352351069450379
COPPENAME RIVIER,0.0693850964307785,0.29055917263031,0.0218505915254354,0.259903609752655,0.047534504905343104,0.03065556287765503
COPPERMINE,-0.3005937933921814,0.5540942549705505,-0.5388510823249817,0.3827956914901733,0.2382572889328003,0.17129856348037725
COPPER,0.1219023838639259,0.2354751229286193,0.1167236194014549,0.2341027110815048,0.005178764462471008,0.0013724118471145075
CORUBAL (also KOLIBA),-3.856647729873657,3.2510664463043213,-5.886792182922363,1.7229561805725098,2.0301444530487065,1.5281102657318115
COSAPILLA,0.0751093849539756,0.273423284292221,0.0491208955645561,0.2520281970500946,0.025988489389419493,0.02139508724212641
COURANTYNE,-0.0659241154789924,0.386331558227539,-0.1817963421344757,0.3045999705791473,0.1158722266554833,0.08173158764839172
CROSS,-1.76449716091156,1.654062032699585,-2.7475340366363525,0.916076362133026,0.9830368757247925,0.737985670566559
CUANZA,-18.256053924560547,14.161944389343262,-27.47829818725586,7.169722080230713,9.222244262695312,6.992222309112549
CUVELAI,-16.138696670532227,12.5770845413208,-24.309154510498047,6.386173725128174,8.17045783996582,6.190910816192627
CUYUNI,-1.3671804666519165,1.3601866960525513,-2.1368038654327397,0.7863364815711975,0.7696233987808232,0.5738502144813538
DALING HE,-0.2549928426742553,0.5262921452522278,-0.4818692505359649,0.3634254932403564,0.2268764078617096,0.1628666520118714
DALY,0.1231899783015251,0.2571550011634826,0.111336626112461,0.2411425560712814,0.011853352189064095,0.016012445092201205
DAMODAR,-6.136614799499512,4.972612380981445,-9.30212688446045,2.5739850997924805,3.1655120849609375,2.398627281188965
DANUBE,-0.3015457093715668,0.5581334233283997,-0.5455824732780457,0.3858871161937713,0.24403676390647888,0.17224630713462835
DAOURA,0.0426063723862171,0.3069713413715362,-0.0274793896824121,0.2630976736545563,0.07008576206862921,0.043873667716979925
DASHT KAUR,-0.1062458455562591,0.4353158175945282,-0.2585874795913696,0.3324766457080841,0.15234163403511047,0.10283917188644409
"DAUGAVA (also ZAPADNAYA DVINA, also ZAKHODNAYA DZVINA)",-3.0995190143585205,2.66286563873291,-4.736843109130859,1.4266778230667114,1.6373240947723389,1.2361878156661987
DE CONTAS,0.1159200817346572,0.2570423781871795,0.1064002215862274,0.2454697638750076,0.009519860148429801,0.011572614312171908
DE GREY RIVER,-13.536033630371094,10.576589584350586,-20.39818382263184,5.37062931060791,6.862150192260746,5.205960273742676
DEAD SEA,-0.3735573589801788,0.6263229846954346,-0.6491168737411499,0.4261953234672546,0.2755595147609711,0.20012766122818
DELAWARE,-2.2226483821868896,2.014251470565796,-3.418947696685791,1.1140722036361694,1.1962993144989014,0.9001792669296265
DESEADO,0.1121263206005096,0.2447191923856735,0.1040222942829132,0.2359279990196228,0.008104026317596408,0.008791193366050692
DIGUL (also UWIMBU),0.0609950236976146,0.2934967279434204,0.0074663013219833,0.2631864547729492,0.0535287223756313,0.03031027317047119
DJERID,-1.0740033388137815,1.140427827835083,-1.6913437843322754,0.6735713481903076,0.6173404455184939,0.4668564796447754
DNIEPER,-2.591510057449341,2.2817163467407227,-3.980396270751953,1.2377289533615112,1.3888862133026123,1.0439873933792114
DNIESTR,-2.565277099609375,2.263288974761963,-3.940150737762451,1.227938175201416,1.3748736381530762,1.0353507995605469
DOCE,0.1138970032334327,0.2715950012207031,0.0850048884749412,0.2468175888061523,0.028892114758491502,0.024777412414550837
DONG NAI,0.1228232085704803,0.2377300709486007,0.114783264696598,0.2363781332969665,0.008039943873882308,0.0013519376516342163
DONG,0.1338827311992645,0.233585700392723,0.1334820985794067,0.2332014590501785,0.0004006326198577881,0.00038424134254450015
DON,-0.8823146820068359,0.9964708089828492,-1.4086464643478394,0.6035741567611694,0.5263317823410034,0.3928966522216798
DORDOGNE,-0.8809105753898621,0.9839418530464172,-1.4191339015960691,0.5853196978569031,0.538223326206207,0.39862215518951416
DOURO (also DUERO),-0.0736806169152259,0.3973292112350464,-0.1815753728151321,0.3199692964553833,0.10789475589990621,0.07735991477966309
DRAA,-0.2807042896747589,0.5487607717514038,-0.5129155516624451,0.3847250640392303,0.23221126198768616,0.16403570771217352
DRAMSELVA,-0.8980331420898438,0.9941840767860411,-1.4161194562911987,0.6028115153312683,0.518086314201355,0.39137256145477284
DRYSDALE,-0.7002437114715576,0.8485244512557983,-1.1158547401428225,0.5194286108016968,0.41561102867126487,0.32909584045410156
DURACK,-1.9158557653427124,1.7713805437088013,-2.96122145652771,0.9758736491203308,1.0453656911849976,0.7955068945884705
EASTMAIN,-0.0579631030559539,0.3862293362617492,-0.1727519184350967,0.3066107630729675,0.11478881537914282,0.07961857318878174
EBRO,-0.3319835066795349,0.5935291647911072,-0.5831118822097778,0.4093387722969055,0.2511283755302429,0.18419039249420166
EEL,0.136616975069046,0.2348795384168625,0.1364549994468689,0.234372928738594,0.00016197562217709627,0.0005066096782684881
ELBE,-0.3541222214698791,0.6060017943382263,-0.6185973882675171,0.409521996974945,0.264475166797638,0.1964797973632813
ELLICE,-0.2932199537754059,0.5400384068489075,-0.538196325302124,0.3697676956653595,0.24497637152671814,0.17027071118354797
ESMERALDAS,-0.5078097581863403,0.7182554602622986,-0.8599973917007446,0.4562088847160339,0.3521876335144043,0.2620465755462647
ESSEQUIBO,-0.6638910174369812,0.825558066368103,-1.0650274753570557,0.523184597492218,0.40113645792007446,0.302373468875885
FERGUSON,-0.2395478934049606,0.5099026560783386,-0.4301892817020416,0.3670154809951782,0.19064138829708102,0.1428871750831604
FEUILLES,-0.3035480678081512,0.5606225728988647,-0.5365260243415833,0.3889573812484741,0.23297795653343206,0.17166519165039062
FITZROY,-0.4185143709182739,0.6508586406707764,-0.6975198984146118,0.4384793937206268,0.2790055274963379,0.2123792469501496
FLINDERS,-1.874089002609253,1.7464025020599363,-2.9072136878967285,0.9679615497589112,1.0331246852874756,0.7784409523010251
FORTESCUE,-24.59919548034668,18.96737670898437,-36.99496078491211,9.566731452941896,12.39576530456543,9.400645256042475
FRASER,0.0248084757477045,0.3208666145801544,-0.0428058989346027,0.2711780071258545,0.0676143746823072,0.04968860745429993
FUERTE NUEVO,0.0849330201745033,0.2973673045635223,0.0224546249955892,0.2642791271209717,0.0624783951789141,0.033088177442550604
GALANA,-0.3858261108398437,0.6272096633911133,-0.6689826250076294,0.4211556017398834,0.2831565141677857,0.20605406165122986
GALLEGOS,0.0061520338058471,0.3343709111213684,-0.0764897018671035,0.2818458378314972,0.08264173567295059,0.052525073289871216
GAMBIA,-3.138582468032837,2.700647115707397,-4.808760166168213,1.443575143814087,1.670177698135376,1.25707197189331
GANGES,-2.959592580795288,2.5792152881622314,-4.523223400115967,1.396660327911377,1.5636308193206787,1.1825549602508545
GARONNE (also RIO GARONA),-0.4314304292201996,0.6510841846466064,-0.7453418970108032,0.424224853515625,0.31391146779060364,0.22685933113098145
GASCOYNE,-24.34618377685547,18.77926254272461,-36.61431503295898,9.469194412231444,12.268131256103509,9.310068130493166
GEBA (also KAYANGA),-7.736733913421631,6.172014236450195,-11.692985534667969,3.168723821640014,3.956251621246338,3.003290414810181
GEORGE,0.1153984889388084,0.2438049018383026,0.1097427085041999,0.2414522618055343,0.005655780434608501,0.002352640032768305
GILBERT,-0.212143987417221,0.497187852859497,-0.3823279440402984,0.3722096085548401,0.1701839566230774,0.12497824430465693
GLOMAA,-2.019963264465332,1.841138243675232,-3.1243350505828857,1.0098721981048584,1.1043717861175537,0.8312660455703735
GODAVARI,-1.5353872776031494,1.493185043334961,-2.3879077434539795,0.8583307266235352,0.8525204658508301,0.6348543167114258
GONO,-14.146434783935549,11.032172203063965,-21.30474853515625,5.604976177215576,7.158313751220701,5.427196025848389
GOTA,-5.426936149597168,4.427505970001221,-8.235723495483398,2.3012046813964844,2.8087873458862305,2.1263012886047363
GOURITZ,-0.6441228985786438,0.8213748931884766,-1.0433460474014282,0.5189762115478516,0.3992231488227844,0.302398681640625
GRANDE DE MATAGALPA,-0.0421843975782394,0.3740554451942444,-0.1487268954515457,0.2966659367084503,0.10654249787330629,0.07738950848579407
GREAT FISH (also GROOT-VIS),-0.9625446200370787,1.04518461227417,-1.5368129014968872,0.6136434078216553,0.5742682814598085,0.43154120445251465
GREAT KEI (also GROOT-KEI),-0.9095290899276732,1.0005050897598269,-1.4528919458389282,0.5997018218040466,0.543362855911255,0.40080326795578025
GREAT SALT LAKE,-0.5129815340042114,0.7146500945091248,-0.8422486186027527,0.464586853981018,0.32926708459854126,0.25006324052810674
GREAT SCARCIES (also KOLENTE),-0.9081015586853028,0.9809250831604004,-1.4538904428482056,0.5719767212867737,0.5457888841629027,0.4089483618736267
GUADALQUIVIR,0.0983497723937034,0.2633325457572937,0.0794599205255508,0.246689110994339,0.018889851868152605,0.016643434762954712
GUADIANA,-0.079876035451889,0.3998477458953857,-0.2043798416852951,0.3109089136123657,0.12450380623340611,0.08893883228301996
GUAYAS,0.0831429064273834,0.2904517948627472,0.0436695106327533,0.2572191953659057,0.03947339579463009,0.033232599496841486
GUIR,-0.0269714593887329,0.3609960973262787,-0.1283744573593139,0.2954727411270141,0.10140299797058101,0.06552335619926458
GURUPI,-15.683539390563965,12.2160005569458,-23.6246337890625,6.188377857208252,7.941094398498535,6.027622699737549
HAI HE,-1.1377284526824951,1.1834968328475952,-1.8009620904922483,0.6865274310112,0.6632336378097532,0.49696940183639526
HAMUN-I-LORA,-7.28741455078125,5.835720539093018,-11.024495124816896,3.0090835094451904,3.7370805740356463,2.826637029647827
HAMUN-I-MASHKEL,-4.018123626708984,3.3570988178253174,-6.10349702835083,1.775810718536377,2.0853734016418457,1.5812880992889404
HAMUN,-5.476893424987793,4.469887733459473,-8.300400733947754,2.330838203430176,2.823507308959961,2.139049530029297
HAN-GANG,-0.2783357501029968,0.53347247838974,-0.5160574913024902,0.3698177933692932,0.2377217411994934,0.16365468502044678
HANJIANG XIXI,0.1057653725147247,0.2503919601440429,0.1057279407978057,0.250296950340271,3.7431716919000824e-05,9.500980377191715e-05
HAR US NUUR,-0.8673009276390076,0.9783743023872375,-1.3917062282562256,0.5875346064567566,0.524405300617218,0.39083969593048096
HARI,-0.4509803354740143,0.6631377935409546,-0.7797523736953735,0.4278218150138855,0.32877203822135925,0.2353159785270691
HAYES,-1.926910400390625,1.7766461372375488,-2.984867572784424,0.980163276195526,1.0579571723937988,0.7964828610420228
HINGOL,-2.277491807937622,2.049105405807495,-3.508932113647461,1.126027226448059,1.2314403057098389,0.923078179359436
HODNA,0.0158163048326969,0.3200685977935791,-0.0503608435392379,0.2712685465812683,0.06617714837193481,0.04880005121231079
HONDO,0.0281717907637357,0.3220763206481933,-0.0347064174711704,0.2784566283226013,0.0628782082349061,0.043619692325591986
HORNADAY,-0.3651926815509796,0.6040882468223572,-0.6482408046722412,0.3987066745758056,0.2830481231212616,0.20538157224655157
HORTON,-0.3251670897006988,0.5616381168365479,-0.5670117139816284,0.3881950080394745,0.24184462428092962,0.17344310879707336
HUAI HE,0.0036779372021555,0.3324109315872192,-0.0609995909035205,0.2842032313346863,0.06467752810567601,0.048207700252532903
HUASCO,0.0043067587539553,0.3383184373378753,-0.0737823098897934,0.284350037574768,0.07808906864374869,0.0539683997631073
HUDSON,-2.406294345855713,2.167989492416382,-3.6981165409088135,1.200585126876831,1.2918221950531006,0.9674043655395508
IIJOKI,-3.130462884902954,2.7022604942321777,-4.786158084869385,1.4528872966766355,1.6556951999664307,1.2493731975555422
INCOMATI (also KOMATI),-8.70783805847168,6.910279750823975,-13.1610746383667,3.5352375507354736,4.4532365798950195,3.375042200088501
INDIGIRKA,-0.7556286454200745,0.9153257608413696,-1.2282570600509644,0.5656348466873169,0.4726284146308899,0.34969091415405273
INDUS,-3.852480173110962,3.2358758449554443,-5.871747016906738,1.7085378170013428,2.0192668437957764,1.5273380279541016
IRRAWADDY,-1.04958975315094,1.1247000694274902,-1.6542785167694092,0.6699110865592957,0.6046887636184692,0.4547889828681946
ISHIKARI,0.0328144803643226,0.3234081566333771,-0.0406038351356983,0.2799647152423858,0.0734183155000209,0.043443441390991266
ITAPECURU,-0.9773960113525392,1.060495376586914,-1.5614200830459597,0.6267958879470825,0.5840240716934205,0.43369948863983154
ITAPICURU,0.1218116655945777,0.2541238665580749,0.1167816296219825,0.243740826845169,0.005030035972595201,0.010383039712905884
JACUI,-5.216458797454834,4.267961025238037,-7.916937351226807,2.222169876098633,2.7004785537719727,2.0457911491394043
JAGUARIBE,-0.3974186480045318,0.6254763603210449,-0.6894513964653015,0.4141548871994018,0.2920327484607697,0.21132147312164312
JAMES,-6.353516101837158,5.129604816436768,-9.629656791687012,2.647277355194092,3.2761406898498535,2.482327461242676
JEQUITINHONHA,0.0860033631324768,0.286604642868042,0.0586423352360725,0.2667170464992523,0.027361027896404308,0.019887596368789673
JOKULSA A FJOLLUM,-1.2984251976013184,1.3036857843399048,-2.019967555999756,0.7547953128814697,0.7215423583984375,0.5488904714584351
JUBBA (also GENALE WENZ),-1.4171998500823977,1.3981629610061646,-2.2183141708374023,0.798585832118988,0.8011143207550047,0.5995771288871765
KALIXALVEN,-2.3527543544769287,2.1012654304504395,-3.6152305603027344,1.146195411682129,1.2624762058258057,0.9550700187683105
KAMCHATKA,-1.3239614963531494,1.3160665035247805,-2.0772151947021484,0.7504581809043884,0.753253698348999,0.5656083226203921
KAPUAS,-5.477573871612549,4.4829535484313965,-8.306462287902832,2.3451199531555176,2.828888416290283,2.137833595275879
KARNAPHULI,0.0784274488687515,0.2701554000377655,0.057658988982439,0.2522779405117035,0.0207684598863125,0.01787745952606201
KELANTAN,-2.0453689098358154,1.8671635389328003,-3.1583211421966557,1.0276209115982056,1.1129522323608403,0.8395426273345947
KEMIJOKI,-4.412167549133301,3.670593738555908,-6.710593700408936,1.941631317138672,2.2984261512756357,1.728962421417236
KEM,-2.730177879333496,2.390939712524414,-4.181591510772705,1.2928067445755005,1.451413631439209,1.0981329679489136
KHATANGA,-3.2402760982513428,2.7938661575317383,-4.951074123382568,1.5048385858535769,1.7107980251312256,1.2890275716781614
KINABATANGAN,-5.417398929595947,4.429403305053711,-8.2067289352417,2.3186557292938232,2.789330005645752,2.1107475757598877
KISO,-9.362236976623535,7.414361000061035,-14.11115550994873,3.813328266143799,4.748918533325195,3.6010327339172363
KITAKAMI,0.0077231926843523,0.3429978489875793,-0.0866077318787574,0.2816068530082702,0.0943309245631097,0.06139099597930908
KIZILIRMAK,0.0871769487857818,0.2809093296527862,0.0483543165028095,0.2519354522228241,0.03882263228297231,0.028973877429962103
KLAMATH,-0.4476620256900787,0.6733534336090088,-0.7348158359527588,0.4572247862815857,0.2871538102626801,0.2161286473274231
KOBUK,-0.2681291401386261,0.5285629034042358,-0.4689685702323913,0.3781664073467254,0.2008394300937652,0.15039649605751043
KOKEMAENJOKI,-0.0924456939101219,0.4032171666622162,-0.2160041332244873,0.3121378719806671,0.1235584393143654,0.09107929468154907
KOLOK,-0.6008507013320923,0.7852055430412292,-0.9683995246887208,0.5119040012359619,0.36754882335662853,0.27330154180526733
KOLYMA,-5.274742126464844,4.324933052062988,-7.99834394454956,2.263004302978516,2.723601818084716,2.061928749084472
KOUILOU,-13.460577964782717,10.534391403198242,-20.287946701049805,5.359021663665772,6.827368736267088,5.17536973953247
KOVDA,-2.901782989501953,2.52443528175354,-4.4309258460998535,1.3648028373718262,1.5291428565979004,1.1596324443817139
KRISHNA,-0.053015012294054,0.374886691570282,-0.1540866941213607,0.3030083179473877,0.10107168182730669,0.07187837362289429
KUANTAN,-2.236213207244873,1.9999163150787356,-3.446749210357666,1.0840259790420532,1.210536003112793,0.9158903360366824
KUBAN,-1.1678317785263062,1.2170169353485107,-1.8429275751113887,0.7107467651367188,0.6750957965850826,0.506270170211792
KUNENE (also CUNENE),-20.926179885864254,16.182992935180664,-31.481698989868164,8.177846908569336,10.55551910400391,8.005146026611328
KURA,0.1084729880094528,0.2584201693534851,0.0876301079988479,0.2431203871965408,0.0208428800106049,0.015299782156944303
KUSKOKWIM,0.0904653817415237,0.2709768414497375,0.061163917183876,0.253377765417099,0.029301464557647698,0.017599076032638494
KYMIJOKI,-0.5106384754180908,0.709073007106781,-0.8420843482017517,0.4631906747817993,0.3314458727836609,0.2458823323249817
LA GRANDE,0.0162689927965402,0.3261155486106872,-0.0649605840444564,0.2744176089763641,0.0812295768409966,0.05169793963432312
LAKE BALKHASH,0.1055310443043708,0.2613394260406494,0.085847184062004,0.2473964840173721,0.01968386024236679,0.01394294202327731
LAKE EYRE,-2.5370118618011475,2.23758316040039,-3.897749423980713,1.2110886573791504,1.3607375621795654,1.0264945030212398
LAKE GAIRDNER,-0.7807987332344055,0.9203676581382751,-1.2566217184066772,0.5631335377693176,0.47582298517227173,0.3572341203689575
LAKE NATRON,0.0928863137960434,0.2591783106327057,0.0669007301330566,0.2563764750957489,0.025985583662986797,0.002801835536956787
LAKE TORRENS,-0.9555227160453796,1.0434004068374634,-1.5223796367645264,0.6155722737312317,0.5668569207191467,0.4278281331062317
LAKE TURKANA,-1.8946033716201784,1.7510217428207395,-2.9361395835876465,0.9665828943252563,1.041536211967468,0.7844388484954832
LAKE URMIA,0.1320385783910751,0.2385576069355011,0.1267619431018829,0.2352673560380935,0.0052766352891922,0.0032902508974075872
LAM (also XONGKA),0.1245907396078109,0.2326159924268722,0.1242685690522193,0.2322988510131836,0.000322170555591611,0.00031714141368860416
LAUCA,-0.5568889379501343,0.7519310116767883,-0.9262905716896056,0.4820232391357422,0.3694016337394713,0.26990777254104614
LEICHHARDT,-0.2818320989608764,0.5547484159469604,-0.5167257785797119,0.3891054093837738,0.2348936796188355,0.16564300656318665
LEMPA,0.0053229634650051,0.3377625644207001,-0.0737223923206329,0.2767297923564911,0.07904535578563801,0.061032772064208984
LENA,-1.5325692892074585,1.4897667169570925,-2.39302396774292,0.8457478880882263,0.8604546785354614,0.6440188288688662
LIAO HE,-0.4199194312095642,0.6475870609283447,-0.7203675508499146,0.4282771646976471,0.30044811964035034,0.21930989623069763
LIMARI,-0.6988013982772827,0.8422842025756836,-1.1322649717330933,0.5170754194259644,0.43346357345581055,0.32520878314971924
LIMPOPO,-4.733379364013672,3.918325424194336,-7.1924824714660645,2.0607643127441406,2.4591031074523926,1.8575611114501953
LITTLE MECATINA,-0.0931150466203689,0.4015088081359863,-0.2344675660133361,0.3144905567169189,0.1413525193929672,0.08701825141906738
LITTLE SCARCIES (also KABA),-2.2342405319213867,2.0045974254608154,-3.442205905914306,1.0973248481750488,1.2079653739929195,0.9072725772857666
LOA,-1.6337060928344729,1.5559937953948977,-2.540393114089966,0.8710325956344604,0.9066870212554929,0.6849611997604372
LOFFA (also LOFA RIVER),-0.9779138565063475,1.0580744743347168,-1.5528559684753418,0.6274706125259399,0.5749421119689943,0.43060386180877686
LOIRE,-1.0047341585159302,1.0873225927352903,-1.6015955209732056,0.6461269855499268,0.5968613624572754,0.44119560718536355
LORENTZ,0.1294152289628982,0.2327118664979934,0.128804326057434,0.2312012761831283,0.0006109029054642001,0.0015105903148651123
LUAN HE,-0.4088369011878967,0.6323307752609253,-0.704465925693512,0.4179465770721435,0.2956290245056153,0.2143841981887818
LULEALVEN,-4.170354843139648,3.4616639614105225,-6.337780475616455,1.813731789588928,2.1674256324768066,1.6479321718215945
LURIO,-0.5082748532295227,0.7051383852958679,-0.846431314945221,0.4554791748523712,0.33815646171569824,0.2496592104434967
MAAS (also MEUSE),0.0942786559462547,0.2721398770809173,0.0617573969066143,0.2458333224058151,0.032521259039640406,0.026306554675102206
MACKENZIE,-0.1534691900014877,0.4493849575519562,-0.3103121221065521,0.3375650942325592,0.15684293210506442,0.11181986331939697
MAE KLONG,-0.0154227884486317,0.342372328042984,-0.0776841342449188,0.2859241962432861,0.062261345796287094,0.05644813179969793
MAGDALENA,-1.1767940521240234,1.2067283391952517,-1.862777590751648,0.6935271620750427,0.6859835386276245,0.513201177120209
MAHAKAM,-2.5158369541168213,2.225856065750122,-3.873516798019409,1.2058424949645996,1.357679843902588,1.0200135707855225
MAHANADI,-2.0344133377075195,1.8647397756576536,-3.1516692638397217,1.027491807937622,1.1172559261322021,0.8372479677200315
MAHI,-0.5254655480384827,0.714772641658783,-0.878026008605957,0.4539381265640259,0.35256046056747437,0.2608345150947571
MAJES,0.1155729070305824,0.2343719005584716,0.1102977842092514,0.2312178760766983,0.005275122821330996,0.003154024481773293
MAMBERAMO,0.0732148736715316,0.2978175282478332,0.0270225405693054,0.2687947154045105,0.046192333102226195,0.0290228128433227
MANGOKY,-20.00831413269043,15.491012573242188,-30.108400344848636,7.833892822265625,10.100086212158207,7.6571197509765625
MANICOUAGAN,-0.0592897124588489,0.3756353259086609,-0.1813094913959503,0.2981196939945221,0.12201977893710139,0.0775156319141388
MANO (also MANO RIVER),-4.493915557861328,3.71807861328125,-6.831324577331543,1.9336631298065183,2.337409019470215,1.7844154834747317
"MAPUTO (also LUSUTFU, also USUTU)",-4.571771621704102,3.779782056808472,-6.950212478637695,1.9773740768432615,2.3784408569335938,1.8024079799652106
MAR CHIQUITA,0.0215034466236829,0.3162081837654114,-0.0408372096717357,0.2707298398017883,0.0623406562954186,0.0454783439636231
MARITSA RIVER,0.0251093357801437,0.3137718141078949,-0.044456198811531,0.2653567790985107,0.0695655345916747,0.04841503500938421
MARONI,-1.8141039609909055,1.69687020778656,-2.8022725582122803,0.946382224559784,0.9881685972213747,0.750487983226776
MA,0.1270099133253097,0.2272758334875106,0.1268610954284668,0.2267569303512573,0.00014881789684290103,0.0005189031362533014
MBINI (also WOLEU),-2.8204312324523926,2.448709011077881,-4.323825836181641,1.3086422681808472,1.503394603729248,1.1400667428970337
MCARTHUR,0.1216036900877952,0.2619322538375854,0.1176688820123672,0.2476244270801544,0.003934808075427995,0.014307826757431003
MEARIM,-3.187371015548706,2.73889708518982,-4.881123065948486,1.4668976068496704,1.6937520503997803,1.2719994783401494
MEDJERDA (also MAJARDAH),-0.1814941465854644,0.460763931274414,-0.3584868907928467,0.337598979473114,0.17699274420738229,0.1231649518013
MEGHNA,-0.0965253487229347,0.4145728945732116,-0.2275153845548629,0.3202768862247467,0.1309900358319282,0.09429600834846491
MEKONG,-0.1757836788892746,0.4551410675048828,-0.3393771648406982,0.3322109282016754,0.1635934859514236,0.1229301393032074
MELRHIR,-0.0920241251587867,0.4032448828220367,-0.2163795977830886,0.3148525357246399,0.1243554726243019,0.0883923470973968
MERIN (also MIRIM),-8.477775573730469,6.745177745819092,-12.813295364379885,3.46030592918396,4.335519790649416,3.284871816635132
MERRIMACK,0.1207118853926658,0.2714144885540008,0.0962698981165885,0.2463888674974441,0.024441987276077298,0.0250256210565567
MESSALO,0.1202538013458252,0.2482673823833465,0.1129078194499015,0.2320428639650344,0.007345981895923698,0.0162245184183121
MEZEN,-1.9798426628112795,1.813628435134888,-3.0521132946014404,1.0037364959716797,1.072270631790161,0.8098919391632082
MIN JIANG,-0.868910014629364,0.9999056458473206,-1.3863584995269775,0.6098540425300598,0.5174484848976135,0.39005160331726074
MINO (also MINHO),-1.0884830951690674,1.1422637701034546,-1.7278610467910769,0.6645746231079102,0.6393779516220095,0.47768914699554443
MIRA,-0.295453816652298,0.5549852848052979,-0.5312079191207886,0.3825661838054657,0.2357541024684906,0.17241910099983215
MISSISSIPPI,-3.1063058376312256,2.6864864826202397,-4.744315147399902,1.448561191558838,1.6380093097686768,1.2379252910614018
MITCHELL,0.0977713391184806,0.2706961035728454,0.0679758116602897,0.25747150182724,0.029795527458190904,0.013224601745605413
MOA (also MAKONA),-2.5314745903015137,2.2322943210601807,-3.892127275466919,1.2070554494857788,1.3606526851654053,1.0252388715744019
MOBILE RIVER,0.0560331866145134,0.2930377125740051,0.0189877189695835,0.2636833488941192,0.0370454676449299,0.02935436367988592
MOGAMI,0.1172460317611694,0.2496476918458938,0.1040853634476661,0.2423732876777649,0.013160668313503307,0.007274404168128912
MONO,-7.586724281311035,6.067501068115234,-11.477052688598633,3.1202707290649414,3.8903284072875977,2.947230339050293
MOOSE,-0.4310851395130157,0.6534362435340881,-0.7458659410476685,0.4302191138267517,0.31478080153465277,0.22321712970733643
MOTAGUA,-0.1859151870012283,0.4600611627101898,-0.3604107797145843,0.3332403302192688,0.174495592713356,0.12682083249092102
MOTALA STROM,-7.414009571075439,5.932417869567871,-11.199625015258787,3.0635199546813965,3.7856154441833487,2.8688979148864746
MOULOUYA,-0.1129301488399505,0.4252842962741852,-0.2536115646362304,0.3267821371555328,0.1406814157962799,0.0985021591186524
MUCURI,0.1183555796742439,0.2598671913146972,0.0948086604475975,0.2492659538984298,0.023546919226646396,0.010601237416267423
MURCHISON,-9.89005184173584,7.832624912261963,-14.929089546203612,4.017709255218506,5.039037704467772,3.814915657043457
MURRAY,-7.699216842651367,6.165643692016602,-11.638456344604492,3.181490421295166,3.939239501953125,2.9841532707214355
NADYM,-0.0146239232271909,0.3525711297988891,-0.1180750355124473,0.2822811007499695,0.1034511122852564,0.07029002904891962
NAKDONG,-0.3028598725795746,0.5518742203712463,-0.558879017829895,0.3729576766490936,0.25601914525032043,0.17891654372215277
NARMADA,-0.6444308757781982,0.826762855052948,-1.053005576133728,0.5251232385635376,0.4085747003555298,0.3016396164894104
NARVA,-0.6910771131515503,0.856889545917511,-1.129035472869873,0.5397975444793701,0.43795835971832275,0.31709200143814087
NASS,-0.6977442502975464,0.836175799369812,-1.1301522254943848,0.5141165852546692,0.4324079751968384,0.3220592141151428
NATASHQUAN,0.0929190292954444,0.276375412940979,0.0505159310996532,0.2571192979812622,0.0424030981957912,0.019256114959716797
NEGRO,-0.347272127866745,0.5836846232414246,-0.6172572374343872,0.3965513706207275,0.2699851095676422,0.18713325262069708
NELSON,-3.192889213562012,2.739765882492065,-4.881093502044678,1.4658557176589966,1.6882042884826656,1.2739101648330684
"NEMAN (also NEMUNAS, also NYOMAN)",-3.955160856246948,3.323235273361206,-6.020402431488037,1.762395262718201,2.0652415752410893,1.5608400106430051
NESTOS (also MESTA),0.1220659017562866,0.2365405410528183,0.1163689196109771,0.2326658219099044,0.00569698214530949,0.0038747191429139016
NEVA,-1.0785096883773804,1.148304104804993,-1.7064274549484253,0.6837602257728577,0.6279177665710449,0.46454387903213523
NIGER,-0.6021722555160522,0.8001556992530823,-0.997295081615448,0.505556046962738,0.39512282609939575,0.29459965229034424
NILE,-0.7344388961791992,0.8897215127944946,-1.1888434886932373,0.5489307045936584,0.4544045925140381,0.3407908082008362
NOATAK,-3.070352554321289,2.635502338409424,-4.682621479034424,1.4118977785110474,1.6122689247131348,1.2236045598983765
NOTTAWAY,-0.0005469981697387,0.3506642282009125,-0.0892867445945739,0.2898023724555969,0.0887397464248352,0.06086185574531555
NTEM,-2.363408327102661,2.1038403511047363,-3.647864580154419,1.1391793489456177,1.2844562530517578,0.9646610021591187
NUECES,-0.0005760204512625,0.3496802151203155,-0.0848994776606559,0.2917755842208862,0.08432345720939341,0.05790463089942932
NUSHAGAK,0.1148799061775207,0.2571848928928375,0.0950749292969703,0.2409543991088867,0.0198049768805504,0.016230493783950833
NYANGA,-2.781378507614136,2.41694974899292,-4.261245250701904,1.3008772134780884,1.479866743087768,1.1160725355148315
NYONG,-0.8918812274932861,0.9930534958839417,-1.4332438707351685,0.5911878943443298,0.5413626432418823,0.4018656015396118
OB,-1.549130916595459,1.5055385828018188,-2.413024663925171,0.8573564887046814,0.8638937473297119,0.6481820940971375
OCONA,0.1324769258499145,0.2360394299030304,0.1322415918111801,0.2358195036649704,0.00023533403873440828,0.00021992623805999756
ODER,-2.154626607894897,1.9498963356018064,-3.322335720062256,1.0687651634216309,1.1677091121673588,0.8811311721801756
OGOOUE,-5.527095794677734,4.504432678222656,-8.385765075683594,2.342040777206421,2.8586692810058594,2.1623919010162354
OIAPOQUE (also OYAPOK),-0.9234411716461182,1.0190600156784058,-1.4736003875732422,0.6121500730514526,0.550159215927124,0.4069099426269531
OKAVANGO (also CUBANGO),-7.902370929718018,6.333569049835205,-11.943655014038086,3.2797882556915283,4.041284084320068,3.0537807941436768
OLENEK,-10.083088874816896,7.967588424682617,-15.21142864227295,4.082021236419678,5.128339767456053,3.8855671882629395
OLFUSA,-6.003342628479004,4.875809192657471,-9.082751274108888,2.544058322906494,3.0794086456298846,2.3317508697509766
OLIFANTS,-0.5207709074020386,0.7074279189109802,-0.8576032519340515,0.4589374661445617,0.33683234453201294,0.2484904527664185
OMOLOY,-0.2388791143894195,0.5272277593612671,-0.4556209444999695,0.3784147500991821,0.21674183011054998,0.14881300926208502
ONEGA,0.0192179642617702,0.3335630297660827,-0.0657472908496856,0.2815559506416321,0.0849652551114558,0.05200707912445063
ORANGE,-1.0960403680801392,1.1591590642929075,-1.7339589595794678,0.683958888053894,0.6379185914993286,0.47520017623901345
ORD,-1.1615056991577148,1.211679220199585,-1.828916430473328,0.7117668986320496,0.6674107313156132,0.4999123215675354
ORINOCO,-0.9789888858795166,1.0627797842025757,-1.5644214153289795,0.6257113218307495,0.5854325294494629,0.43706846237182617
ORONTES,0.0385795682668685,0.3055793642997741,-0.018498133867979,0.2644985616207123,0.0570777021348475,0.041080802679061834
OUEME,-2.042335033416748,1.87860107421875,-3.1471171379089355,1.0435266494750977,1.1047821044921875,0.8350744247436523
OULUJOKI,-1.0034736394882202,1.0626131296157837,-1.5933184623718262,0.6186804175376892,0.589844822883606,0.4439327120780945
PAHANG,-3.666134834289551,3.0925984382629395,-5.589534759521484,1.635930061340332,1.9233999252319336,1.4566683769226074
PALENA (also CORCOVADO),-0.778293788433075,0.918757975101471,-1.2615829706192017,0.5551237463951111,0.4832891821861267,0.36363422870635986
PALYAVAAM,-19.664419174194336,15.224183082580566,-29.577505111694336,7.704768657684326,9.9130859375,7.51941442489624
PANGANI,-0.1428653746843338,0.444994568824768,-0.3013622164726257,0.3267877399921417,0.15849684178829188,0.11820682883262629
PANUCO,-0.8370399475097656,0.9571635723114014,-1.3429338932037354,0.5781094431877136,0.5058939456939697,0.37905412912368774
PAPALOAPAN,-0.1864188015460968,0.4678436517715454,-0.3573013544082641,0.3350874483585357,0.1708825528621673,0.1327562034130097
PARAGUACU,0.1008822470903396,0.27881920337677,0.0684607475996017,0.2580924332141876,0.0324214994907379,0.020726770162582397
PARAIBA DO SUL,0.0554606467485427,0.3031260967254638,0.0045895585790276,0.2706644237041473,0.050871088169515105,0.03246167302131653
PARAIBA,0.0788713842630386,0.2912370562553406,0.0312932655215263,0.2550416588783264,0.04757811874151229,0.03619539737701416
PARANA,-0.60352623462677,0.796918511390686,-0.9831200242042542,0.5132926106452942,0.37959378957748413,0.28362590074539185
PARNAIBA,-1.1366747617721558,1.182846188545227,-1.798354148864746,0.6876977682113647,0.6616793870925903,0.4951484203338623
PASCUA,-0.0046762032434344,0.3450587391853332,-0.0883082151412963,0.2816436886787414,0.0836320118978619,0.0634150505065918
PATIA,-0.421931505203247,0.6412740349769592,-0.7351794838905334,0.4158176183700561,0.31324797868728643,0.22545641660690313
PATUCA,0.0502708964049816,0.3024897277355194,-0.0259190946817398,0.2729249894618988,0.07618999108672139,0.029564738273620605
PEARL,0.1175308972597122,0.2326104342937469,0.1121848970651626,0.2272013872861862,0.005346000194549602,0.005409047007560702
PECHORA,-3.378990173339844,2.8882997035980225,-5.160195350646973,1.543913960456848,1.7812051773071285,1.3443857431411745
PEE DEE,-4.1580891609191895,3.4977223873138428,-6.323495388031006,1.855008244514465,2.1654062271118164,1.6427141427993777
PENNER,-0.0954810082912445,0.4119470417499542,-0.2261419743299484,0.3153751492500305,0.1306609660387039,0.0965718924999237
PENOBSCOT,0.1183162555098533,0.2502477169036865,0.1118920221924781,0.2422193735837936,0.006424233317375197,0.008028343319892911
PERAK,-1.2302428483963013,1.252818584442139,-1.917276620864868,0.7338534593582153,0.6870337724685667,0.5189651250839236
PINDARE,-12.405320167541504,9.72094440460205,-18.703527450561523,4.945876121520996,6.2982072830200195,4.775068283081055
PIVDENNY BUH (also SOUTHERN BUG),-3.78322172164917,3.190089225769043,-5.759226322174072,1.6943165063858032,1.9760046005249023,1.4957727193832397
PONOY,-1.4765312671661377,1.4353972673416138,-2.304565191268921,0.8135891556739807,0.8280339241027832,0.6218081116676331
POOPO,-0.3870550394058227,0.6279136538505554,-0.656966507434845,0.4178916811943054,0.2699114680290223,0.21002197265625
POPIGAY,-0.2955805957317352,0.562892735004425,-0.5336795449256897,0.3929016292095184,0.23809894919395452,0.16999110579490667
POTOMAC,-3.798570156097412,3.1961636543273926,-5.795619010925293,1.6886188983917236,1.9970488548278809,1.507544755935669
PO,-0.3982719779014587,0.6293843388557434,-0.6902782917022705,0.4226391911506653,0.2920063138008118,0.20674514770507812
PRA,-3.024876832962036,2.6025824546813965,-4.626986026763916,1.3888087272644043,1.6021091938018799,1.2137737274169922
PUELO,-1.156383991241455,1.202344536781311,-1.8300235271453855,0.697492241859436,0.6736395359039304,0.504852294921875
PULAU (also EILANDEN),0.1023739576339721,0.2912673950195312,0.0675919726490974,0.264983057975769,0.0347819849848747,0.026284337043762207
PUNGWE  (also PUNGOE),-17.438701629638672,13.542037963867188,-26.245338439941406,6.865849494934082,8.806636810302734,6.6761884689331055
PURARI,0.0507825203239917,0.2896797358989715,0.0095268338918685,0.259791612625122,0.0412556864321232,0.029888123273849487
PUR,-0.0508297607302665,0.3762238025665283,-0.171269342303276,0.2990840673446655,0.1204395815730095,0.07713973522186279
PYASINA,-2.660118579864502,2.3548741340637207,-4.083813667297363,1.280011534690857,1.4236950874328613,1.0748625993728638
QIANTANG JIANG,-0.1732210665941238,0.4525655508041382,-0.3331480920314789,0.3357144296169281,0.15992702543735507,0.11685112118721008
QUOICH,-6.216125011444092,5.029730796813965,-9.412955284118652,2.604827642440796,3.1968302726745605,2.424903154373169
RAJANG,-0.7040842771530151,0.8621883988380432,-1.1376752853393557,0.5335195064544678,0.43359100818634055,0.32866889238357544
RAPEL,-0.4423479735851288,0.6534568071365356,-0.7617060542106628,0.4287686049938202,0.31935808062553406,0.22468820214271545
RED,0.1345746219158172,0.2426806092262268,0.1341430246829986,0.2418318539857864,0.0004315972328186035,0.0008487552404403964
RHARSA,-0.2983356118202209,0.5588563680648804,-0.5289130806922913,0.3872857093811035,0.23057746887207037,0.17157065868377686
RHINE,-0.4115908145904541,0.6393834352493286,-0.7015270590782166,0.4285419285297394,0.28993624448776245,0.21084150671958923
RHONE,-1.9370777606964111,1.786712646484375,-2.9951283931732178,0.9907801747322084,1.0580506324768066,0.7959324717521666
RIBEIRA DO IGUAPE,0.0636783689260482,0.284354418516159,0.017849463969469,0.2628390491008758,0.045828904956579194,0.021515369415283203
RIO DE LA PLATA,-1.86400043964386,1.7558213472366333,-2.875850915908813,0.9953394532203674,1.011850476264953,0.7604818940162659
RIO GRANDE (also BRAVO),-2.059784173965454,1.8940038681030276,-3.1786208152771,1.0501573085784912,1.118836641311646,0.8438465595245364
ROANOKE,-8.414782524108887,6.698483943939209,-12.711427688598633,3.450221300125122,4.296645164489746,3.248262643814087
ROGUE,-1.907693862915039,1.7614717483520508,-2.9585108757019043,0.9707689881324768,1.0508170127868652,0.790702760219574
ROPER,0.1201915591955185,0.2513510882854461,0.1112786903977394,0.2427228540182113,0.008912868797779097,0.008628234267234802
RUFIJI,0.0002174907276639,0.3539942502975464,-0.0972980260848999,0.2896637618541717,0.0975155168125638,0.06433048844337469
RUKWA,-0.1858400106430053,0.4753953516483307,-0.3709949553012848,0.3472217619419098,0.1851549446582795,0.1281735897064209
RUPERT,-0.018815828487277,0.3435397446155548,-0.0974724516272544,0.2811415195465088,0.0786566231399774,0.06239822506904602
RUVUMA (also ROVUMA),-0.3882635533809662,0.6187371611595154,-0.6704981327056885,0.4149844050407409,0.2822345793247223,0.20375275611877447
RUVU,-0.3944894969463348,0.6051619052886963,-0.6729995608329773,0.4000152945518493,0.2785100638866425,0.20514661073684698
SABINE,0.1124354973435401,0.2585793137550354,0.0944885611534118,0.2498262971639633,0.0179469361901283,0.00875301659107211
SACRAMENTO,0.1049635484814643,0.2711771130561828,0.0865674912929534,0.2498484849929809,0.01839605718851091,0.021328628063201904
SAGUENAY,-0.0632900223135948,0.3836725950241089,-0.1767074912786483,0.3022626340389251,0.11341746896505349,0.08140996098518377
SAINT CROIX,0.1273742169141769,0.2410787940025329,0.1262411773204803,0.2362851202487945,0.001133039593696622,0.004793673753738403
SAINT JOHN (also SAINT-JEAN),0.1149364560842514,0.2533228695392608,0.1104727685451507,0.2435111701488495,0.0044636875391007025,0.009811699390411321
SAINT JOHN RIVER,-2.0898590087890625,1.8989818096160889,-3.2222845554351807,1.0468531847000122,1.1324255466461182,0.8521286249160767
SAINT JOHNS,-1.6176317930221558,1.5394946336746216,-2.5007848739624023,0.8720890283584595,0.8831530809402466,0.6674056053161621
SAINT LAWRENCE (also SAINT-LAURENT),-2.096404790878296,1.9236372709274288,-3.230079174041748,1.0694783926010132,1.1336743831634521,0.8541588783264156
SAINT PAUL RIVER,-3.7821764945983887,3.1833419799804688,-5.760429382324219,1.6832036972045898,1.97825288772583,1.500138282775879
SAKARYA,-0.046436883509159,0.3735166490077972,-0.1669488847255706,0.2958135902881622,0.12051200121641159,0.07770305871963501
SALINAS,0.1223577111959457,0.2365012913942337,0.1211336776614189,0.2355297654867172,0.0012240335345267972,0.0009715259075165072
SALSA,0.0985636711120605,0.2782295346260071,0.0809043124318122,0.2649414241313934,0.017659358680248302,0.013288110494613703
SALWEEN,-0.2514798939228058,0.4996364712715149,-0.4636221826076507,0.3438725173473358,0.21214228868484492,0.15576395392417908
SAN ANTONIO,0.0997263267636299,0.2538575828075409,0.08965615183115,0.2467969357967376,0.0100701749324799,0.007060647010803306
SAN JOAQUIN,-0.0483445040881633,0.3628966808319092,-0.1384264081716537,0.2948190569877624,0.0900819040834904,0.06807762384414678
SAN JUAN,-0.6787998080253601,0.847765326499939,-1.127143383026123,0.5180186629295349,0.44834357500076294,0.32974666357040405
SAN PEDRO,0.0324005745351314,0.3131128549575805,-0.0374511592090129,0.2724649906158447,0.0698517337441443,0.040647864341735784
SANAGA,-2.655555248260498,2.3300676345825195,-4.082111835479736,1.250533103942871,1.4265565872192383,1.0795345306396484
SANTA CRUZ,-0.6605648994445801,0.8273451924324036,-1.072371244430542,0.5205664038658142,0.4118063449859619,0.30677878856658936
SANTA,-0.1326647996902465,0.4265141785144806,-0.2903331518173218,0.3217350840568542,0.15766835212707528,0.1047790944576264
SANTEE,-1.08592689037323,1.1592270135879517,-1.7070788145065308,0.6891751885414124,0.6211519241333008,0.4700518250465393
SANTIAGO,-0.1004671230912208,0.4134159684181213,-0.2480649799108505,0.3197694420814514,0.1475978568196297,0.09364652633666987
SAO FRANCISCO,0.0177104137837886,0.3216407895088196,-0.0468019172549247,0.2773194313049316,0.0645123310387133,0.044321358203887995
SARYSU,-0.0350659750401973,0.365194708108902,-0.1311830580234527,0.2935609817504883,0.0961170829832554,0.0716337263584137
SASSANDRA,-2.6664845943450928,2.33341383934021,-4.098577499389648,1.249508261680603,1.4320929050445557,1.083905577659607
SAVANNAH,-0.231689915060997,0.4995730519294739,-0.4049282968044281,0.3684063851833343,0.1732383817434311,0.13116666674613958
SAVE,-9.418596267700195,7.45329475402832,-14.225043296813965,3.811587810516357,4.8064470291137695,3.6417069435119633
SCHELDE (also ESCAUT),-0.0359901301562786,0.366227775812149,-0.1322280913591385,0.2990621626377105,0.09623796120285988,0.06716561317443848
SEAL,-1.274925708770752,1.2835772037506104,-1.9984344244003296,0.7415916919708252,0.7235087156295776,0.5419855117797852
SEBOU,-0.0039439387619495,0.3326722681522369,-0.0832576528191566,0.2832983434200287,0.07931371405720711,0.049373924732208196
SEINE,-0.5131347179412842,0.728129506111145,-0.862394392490387,0.4772866368293762,0.3492596745491028,0.2508428692817688
SEMBAKUNG,0.0310161300003528,0.3169886469841003,-0.0600072629749774,0.2602579891681671,0.0910233929753302,0.05673065781593317
SENEGAL,-2.5020787715911865,2.217694997787476,-3.8405938148498535,1.2088803052902222,1.338515043258667,1.0088146924972539
SEPIK,0.0348608084022998,0.3019889891147613,-0.0210371315479278,0.2647873759269714,0.0558979399502276,0.03720161318778992
SERRANO,0.0187885779887437,0.3409903049468994,-0.0539716593921184,0.2803558111190796,0.0727602373808621,0.060634493827819824
SEVERNAYA DVINA,-3.893179655075073,3.2642524242401123,-5.929805278778076,1.7252118587493896,2.0366256237030034,1.5390405654907227
SEVERN,-1.078778862953186,1.1532578468322754,-1.7102100849151611,0.6872072219848633,0.6314312219619751,0.4660506248474121
SHANNON,0.0241124629974365,0.3165460228919983,-0.0534474998712539,0.2743785083293915,0.0775599628686904,0.04216751456260681
SHATT AL ARAB,-0.2148609012365341,0.4936539530754089,-0.4117369055747986,0.3509200811386108,0.1968760043382645,0.1427338719367981
SHINANO GAWA,-9.301488876342772,7.3856964111328125,-14.027939796447754,3.7985317707061768,4.726450920104982,3.5871646404266357
SITTANG,-0.5954864621162415,0.7837754487991333,-0.9862205386161804,0.4980955123901367,0.39073407649993896,0.2856799364089966
SIXAOLA,-0.1367160975933075,0.4398579001426697,-0.2851004600524902,0.3363438844680786,0.14838436245918268,0.10351401567459106
SKAGIT,-0.0887220650911331,0.3893822729587555,-0.2239838391542434,0.3032976984977722,0.1352617740631103,0.08608457446098328
SKEENA,-0.5359732508659363,0.7309614419937134,-0.8907521963119507,0.4690024852752685,0.3547789454460144,0.2619589567184449
SOUTH ESK,-0.2859650254249573,0.533941388130188,-0.525524377822876,0.3628877699375152,0.2395593523979187,0.17105361819267279
STIKINE,-0.2697953581809997,0.5438690781593323,-0.4940025210380554,0.3813254535198211,0.22420716285705572,0.16254362463951116
STRUMA RIVER,-0.0748454928398132,0.401744931936264,-0.2016490250825882,0.320115178823471,0.126803532242775,0.08162975311279297
SUNGAI FLY (also FLY RIVER),0.0530519895255565,0.2878101170063019,0.0081302765756845,0.2587771117687225,0.044921712949872,0.0290330052375794
SURINAME RIVIER,-1.7989697456359863,1.6845641136169434,-2.777407646179199,0.9444645047187804,0.9784379005432129,0.740099608898163
SUSITNA,0.0043610460124909,0.3263520896434784,-0.0672798752784729,0.2775965332984924,0.0716409212909638,0.04875555634498602
SUSQUEHANNA,-6.2089433670043945,5.028132915496826,-9.40420627593994,2.609062671661377,3.195262908935545,2.419070243835449
SUWANNEE,0.1268839091062545,0.235926479101181,0.1223973482847213,0.2334225326776504,0.004486560821533189,0.0025039464235306064
SVARTA,-6.791843414306641,5.445291519165039,-10.28039836883545,2.800300121307373,3.4885549545288086,2.644991397857666
TAFNA,0.1256518810987472,0.239273652434349,0.1204756870865821,0.2375426888465881,0.005176194012165097,0.0017309635877608975
TAGUS,-0.2171219438314438,0.4952420592308044,-0.4004934728145599,0.3631602227687835,0.1833715289831161,0.13208183646202087
TAKU,-0.1219132095575332,0.4165121018886566,-0.2821512222290039,0.3168339133262634,0.1602380126714707,0.09967818856239319
TALAS,0.0771530419588089,0.2878966629505157,0.0370781272649765,0.2569589912891388,0.0400749146938324,0.030937671661376898
TANA,-4.370132923126221,3.627936124801636,-6.6436448097229,1.9083231687545776,2.2735118865966797,1.7196129560470585
TANO (also TANOE),-0.8269621133804321,0.9422708749771118,-1.3299133777618408,0.5690538883209229,0.5029512643814087,0.37321698665618896
TAPI,-0.2102739959955215,0.4926659762859344,-0.4168314337730407,0.3532313108444214,0.20655743777751923,0.139434665441513
TARIM HE (also TALIMU HE),-0.8275753855705261,0.9662265181541444,-1.325540542602539,0.5939832925796509,0.49796515703201294,0.3722432255744935
TAZ,-0.2253431379795074,0.5042360424995422,-0.4283463656902313,0.362587958574295,0.20300322771072393,0.14164808392524725
THAMES,-0.0036471504718065,0.3526452481746673,-0.1032207310199737,0.2957746982574463,0.0995735805481672,0.056870549917221014
THELON,-1.5489013195037842,1.4982761144638062,-2.412574291229248,0.8496248126029968,0.8636729717254639,0.6486513018608093
THJORSA,-4.86688232421875,3.9971532821655273,-7.389886856079102,2.087321519851685,2.5230045318603516,1.9098317623138423
THLEWIAZA,-0.435293585062027,0.6500931978225708,-0.7322835326194763,0.4282325208187103,0.29698994755744934,0.22186067700386047
THU BON,0.1082087382674217,0.2421862781047821,0.0868573561310768,0.2273111343383789,0.021351382136344896,0.014875143766403198
TIJUANA (also TIA JUANA),0.1214314252138137,0.2411206662654876,0.1165865808725357,0.229459524154663,0.004844844341277993,0.011661142110824585
TITICACA,0.0029952509794384,0.3510855436325073,-0.0764125287532806,0.2910004258155823,0.079407779732719,0.06008511781692505
TOCANTINS,-0.7820063829421997,0.9185692071914672,-1.2568718194961548,0.5640941262245178,0.4748654365539551,0.35447508096694935
TONE,0.109969824552536,0.2659696936607361,0.0922593027353286,0.2464644908905029,0.017710521817207392,0.019505202770233182
TORGHAY,-0.9876188635826112,1.073224663734436,-1.5669499635696411,0.6388106942176819,0.5793310999870299,0.43441396951675415
"TORNEALVEN (also TORNIONJOKI, also TORNIONVAYLA)",-13.386274337768556,10.490381240844728,-20.172510147094727,5.3559088706970215,6.78623580932617,5.134472370147707
TRENT,-0.0055428189225494,0.3413921892642975,-0.0983110070228576,0.2907984852790832,0.0927681881003082,0.05059370398521429
TRINITY,0.1053272858262062,0.2598384916782379,0.0880068689584732,0.2484703809022903,0.017320416867732988,0.011368110775947626
TSIRIBIHINA,-3.045019149780273,2.622117519378662,-4.668703556060791,1.3982760906219482,1.623684406280518,1.2238414287567139
TUBAN,-0.7000584006309509,0.8506636023521423,-1.1246368885040283,0.530214250087738,0.4245784878730774,0.3204493522644043
TULOMA,-7.6591477394104,6.127388000488281,-11.582796096801758,3.1561479568481445,3.9236483573913574,2.9712400436401367
TUMBES (also TUMBEZ),0.1193504631519317,0.2542324066162109,0.1169071346521377,0.2424356937408447,0.0024433284997939925,0.011796712875366183
TUMEN,0.0741111040115356,0.2969435155391693,0.0327087566256523,0.2654268145561218,0.041402347385883304,0.031516700983047485
TWEED,-0.9150090217590332,1.0310479402542114,-1.4584403038024902,0.6240063309669495,0.543431282043457,0.40704160928726196
ULUA,0.0510805360972881,0.3131194710731506,-0.0199382156133651,0.2760721445083618,0.0710187517106532,0.03704732656478876
ULUNGUR HU,-1.3138806819915771,1.3074568510055542,-2.0440378189086914,0.7553542852401733,0.7301571369171143,0.5521025657653809
UMBA,0.0985211580991745,0.2663722634315491,0.0648128390312194,0.248822882771492,0.0337083190679551,0.017549380660057068
UMBELUZI (also UMBULUZI),-0.124216578900814,0.4226482808589935,-0.2711443305015564,0.3090157806873321,0.1469277516007424,0.11363250017166138
URAL (also ORAL),-0.4534268081188202,0.6727433204650879,-0.7710615396499634,0.444142609834671,0.3176347315311432,0.22860071063041687
URUGUAY,-10.329140663146973,8.162991523742676,-15.578413009643556,4.179643630981445,5.249272346496584,3.9833478927612305
USUMACINTA,-0.414986789226532,0.6396194100379944,-0.7009925842285156,0.4265221059322357,0.28600579500198364,0.21309730410575867
UTAMBONI (also MITEMBONI),-0.0683594718575477,0.391605406999588,-0.1953094452619552,0.3086779117584228,0.1269499734044075,0.08292749524116522
UTHUKELA,-0.7978572845458984,0.924977481365204,-1.2818260192871094,0.571388840675354,0.48396873474121094,0.35358864068984996
UVS NUUR (also UBSU-NUR),-2.154223680496216,1.952187180519104,-3.310178756713867,1.081038236618042,1.1559550762176514,0.871148943901062
VALDIVIA,-1.027290105819702,1.1037943363189695,-1.660400152206421,0.6454112529754639,0.633110046386719,0.45838308334350564
VAM CO,0.097786009311676,0.2976517379283905,0.0510691404342651,0.2614594101905823,0.046716868877410896,0.03619232773780823
VARDAR,-0.0633869990706443,0.3937350511550903,-0.1805373430252075,0.3216352462768554,0.1171503439545632,0.07209980487823486
VARZUGA,-0.6422024965286255,0.7890821099281311,-1.070791721343994,0.470967948436737,0.42858922481536843,0.3181141614913941
VASA BARRIS,0.0902853235602378,0.2800250947475433,0.0602864436805248,0.2433296591043472,0.029998879879713003,0.03669543564319608
VERDE,-0.4233843386173248,0.6629712581634521,-0.7148740291595459,0.443086177110672,0.2914896905422211,0.21988508105278015
VICTORIA,-1.508736491203308,1.492635726928711,-2.3318421840667725,0.8726718425750732,0.8231056928634644,0.6199638843536377
VISTULA,-2.1957271099090576,1.987979769706726,-3.386857032775879,1.0942541360855105,1.1911299228668213,0.8937256336212156
VOLGA,-1.0416955947875977,1.1177622079849243,-1.6510334014892578,0.6630991697311401,0.6093378067016602,0.4546630382537842
VOLTA,-1.4150573015213013,1.4166107177734375,-2.217803478240967,0.8133371472358704,0.8027461767196655,0.6032735705375671
VYG,-0.9330809712409972,1.0327433347702026,-1.49183189868927,0.6154194474220276,0.5587509274482728,0.41732388734817505
WAIAU,-1.932717442512512,1.7816922664642334,-2.983349561691284,0.9905309081077576,1.0506321191787722,0.7911613583564758
WAIKATO,0.0446751415729522,0.314191073179245,-0.0450963862240314,0.2704266905784607,0.08977152779698361,0.0437643826007843
WESER,-0.4553912580013275,0.6558943390846252,-0.7784914970397949,0.4213901162147522,0.3231002390384674,0.23450422286987305
WINISK,-0.3724606335163116,0.6123676300048828,-0.6562678813934326,0.4107818603515625,0.283807247877121,0.2015857696533203
YALU RIVER,-1.020680546760559,1.0973745584487915,-1.6240806579589844,0.6461619138717651,0.6034001111984253,0.45121264457702637
YANA,-0.556218683719635,0.7537447810173035,-0.9295210242271424,0.4771516919136047,0.37330234050750744,0.2765930891036988
YANGTZE,-1.4730288982391355,1.4428712129592896,-2.289963483810425,0.8283547759056091,0.8169345855712893,0.6145164370536804
YAQUI,-0.2298756539821624,0.4981694519519806,-0.4451839327812195,0.3549980521202087,0.2153082787990571,0.1431713998317719
YELCHO,-0.2705418765544891,0.5430600643157959,-0.500584065914154,0.381371408700943,0.23004218935966497,0.1616886556148529
YELLOW RIVER,-0.7956705093383789,0.9350680112838744,-1.283767819404602,0.5762727856636047,0.48809731006622314,0.35879522562026966
YENISEY,-2.2032032012939453,1.9976224899291992,-3.3968639373779297,1.0995341539382937,1.1936607360839844,0.8980883359909055
YODO,-12.496468544006348,9.80135440826416,-18.82937812805176,5.001736164093018,6.332909584045414,4.799618244171143
YSYK-KOL (also ISSYK-KUL),0.1262940913438797,0.2480001896619796,0.1203548684716224,0.2404038459062576,0.005939222872257302,0.00759634375572199
YUKON,-0.2978667914867401,0.5558143854141235,-0.5158323049545288,0.3922373056411743,0.2179655134677887,0.16357707977294922
ZAMBEZI,-30.134361267089844,23.177780151367188,-45.29719161987305,11.678695678710938,15.162830352783203,11.49908447265625
ZAPALERI,0.1045374721288681,0.2811297178268432,0.0860347971320152,0.2440626323223114,0.018502674996852903,0.037067085504531805
ZHEM (also EMBA),0.0249940622597932,0.3203445076942444,-0.0424358695745468,0.2805464267730713,0.06742993183434,0.039798080921173096
ZHU,0.1258497834205627,0.2416486293077469,0.1254851669073104,0.2413749545812606,0.00036461651325228606,0.0002736747264862893
