Basin,FRI_node_max_index,FRI_true,FRI_pred,FRI_err,DRI_node_max_index,DRI_true,DRI_pred,DRI_err
ABHE BAD (also ABHE BID HAYK),20,,0.14329053,,20,,0.22920929,
ACARAU,11,0.120790541172028,0.1306208,0.009830266237258495,8,0.25351145863533,0.20167136,-0.051840096712112205
AISEN,1,0.113339684903622,0.13457781,0.021238125860690737,11,0.218191742897034,0.24142362,0.02323187887668579
ALAKOL,2,,0.14096509,,2,,0.23849308,
ALAZEYA,51,,0.05799621,,51,,0.24193919,
ALBANY,55,0.0761898159980774,0.11993626,0.043746441602706895,2,0.23546826839447,0.22560698,-0.00986129045486428
ALSEK,24,0.475872397422791,0.12764993,-0.3482224643230443,25,0.511317193508148,0.22827548,-0.283041715621948
ALTAMAHA,32,0.989997446537018,0.13118477,-0.858812674880028,5,0.212686702609062,0.23284487,0.020158171653747753
AMACURO (also AMAKURA),2,0.195959493517876,0.1498872,-0.046072289347648954,3,0.67965042591095,0.2318533,-0.4477971196174625
AMAZON (also AMAZONAS),54,,0.12710315,,54,,0.22067645,
AMUR,2,,0.15665546,,2,,0.22187766,
ANABAR,94,,0.114218995,,94,,0.23441598,
ANADYR,156,,0.12372567,,156,,0.23794056,
ANDERSON,0,,0.11830476,,0,,0.23033747,
ANGERMANALVEN,0,0.638711035251617,0.10571404,-0.5329969972372051,1,0.509296059608459,0.21648937,-0.29280668497085527
APALACHICOLA,21,0.444616436958313,0.122622505,-0.3219939321279526,2,0.191379934549332,0.28167275,0.09029281139373746
ARAGUARI,34,,0.17150234,,34,,0.25448287,
ARAL SEA,3,,0.14330988,,3,,0.22707455,
ARMERIA,2,0.141039147973061,0.14641953,0.0053803771734233785,1,0.777105689048767,0.24037305,-0.536732643842697
ARNAUD,4,,0.12614769,,4,,0.23201162,
ASHBURTON,51,,0.12027013,,51,,0.24631229,
ATOUI,0,,0.14812405,,0,,0.22523168,
ATRATO,25,,0.1571189,,25,,0.23023453,
ATREK,3,0.0780086666345596,0.12343374,0.04542507231235507,32,0.233160316944122,0.23096901,-0.0021913051605221556
ATTAWAPISKAT,35,,0.11609645,,35,,0.23332381,
AZOPARDO,1,0.10629665106535,0.13255191,0.026255257427691997,3,0.212104693055153,0.23294914,0.0208444446325301
BACK,0,,0.15702987,,0,,0.22847424,
BAKER,0,,0.04038707,,0,,0.22845194,
"BALEINE, GRANDE RIVIERE DE LA",2,0.4102623462677,0.11034932,-0.29991302639245965,15,0.513320326805115,0.23417857,-0.27914175391197227
"BALEINE, RIVIERE DE LA",24,0.404982507228851,0.12338385,-0.2815986573696133,21,0.493308961391449,0.23013349,-0.26317547261714935
BANCANNIA LAKE,1,,0.12811817,,1,,0.23398852,
BANDAMA,60,0.279450088739395,0.16635321,-0.11309687793254836,2,0.215098559856415,0.26044923,0.045350670814513966
BARAKA,2,,0.122946665,,2,,0.24309725,
BARIMA,0,0.0986419022083282,0.123505145,0.024863243103027385,1,0.593848645687103,0.24075729,-0.35309135913848855
BENGAWAN SOLO,1,0.0700486227869987,0.13322198,0.06317336112260824,0,0.211965262889862,0.2423324,0.03036713600158697
BIA,3,0.0728012472391129,0.039730016,-0.033071231096983,0,0.211965262889862,0.22432038,0.012355118989944514
BIOBIO,0,,0.11286523,,0,,0.22373411,
BLACKWOOD,8,0.143040224909782,0.12274803,-0.020292192697524608,8,0.95352965593338,0.2499466,-0.7035830616950988
BRAHMANI,1,,0.13788539,,1,,0.23415571,
BRAHMAPUTRA,54,,0.14149046,,54,,0.22309017,
BRANTAS,4,0.0792213827371597,0.12369001,0.044468626379966764,6,0.212694436311722,0.24283713,0.030142694711684986
BRAZOS,76,,0.09841624,,76,,0.23772696,
BULLER,0,,0.12781656,,0,,0.21501637,
BULUNGAN,8,0.194262489676475,0.12627843,-0.06798405945301003,6,0.212324425578117,0.25125903,0.038934603333473566
BURDEKIN,4,,0.14115953,,4,,0.23301937,
BUZI (also BUDZI),9,,0.103536665,,9,,0.1890677,
CANCOSA,0,,0.1334114,,0,,0.24588749,
CANDELARIA,2,0.19720071554184,0.0840894,-0.11311131715774575,14,0.958029389381409,0.22851723,-0.7295121550560001
CANETE,1,0.0923832952976227,0.12892723,0.03654393553733824,0,0.212061211466789,0.23074578,0.018684566020965826
CANIAPISCAU,85,0.399864554405212,0.119707376,-0.2801571786403652,43,0.485516399145126,0.2509594,-0.23455700278282132
CAPE FEAR,5,0.829575657844543,0.13642429,-0.6931513696908946,12,0.210892349481583,0.25441742,0.04352506995201075
CAPIM,26,0.139694944024086,-0.07263528,-0.21233022212982178,28,0.253835827112198,0.23418374,-0.01965208351612102
CATATUMBO,17,,0.12876642,,17,,0.2327235,
CAUVERY,3,,0.1626516,,3,,0.24763125,
CAVALLY,21,0.0771745592355728,0.10889372,0.03171916306018831,1,0.211965262889862,0.22954339,0.017578125000000056
CESTOS (also NUON),2,0.0771870911121368,0.12257519,0.04538810253143315,5,0.215201422572136,0.22727469,0.012073263525962746
CHAD,121,,0.13656446,,121,,0.24590376,
CHANGUINOLA,2,0.12859533727169,0.12756999,-0.0010253489017482964,0,0.374541878700256,0.23376822,-0.1407736539840695
CHAO PHRAYA,6,,0.15216708,,6,,0.24200779,
CHELIF,1,0.533723473548889,0.09308925,-0.44063422083854664,0,0.496234625577927,0.24303588,-0.2531987428665165
CHERGUI,6,0.805834472179413,0.14010942,-0.6657250523567201,21,0.513362646102905,0.24393216,-0.269430488348007
CHEW BAHIR (also LAKE STEFANIE),8,0.118062943220138,0.14854118,0.030478239059448797,7,0.213662385940552,0.17752853,-0.03613385558128382
CHICO,21,0.0864299610257149,0.12290785,0.0364778861403465,9,0.217146962881088,0.23821293,0.0210659652948382
"CHILOANGO (also SHILOANGO, also LOUANGO)",0,0.212072551250458,0.1280398,-0.08403274416923548,2,0.203686967492104,0.24433284,0.04064586758613545
CHIRA,5,0.110571548342705,0.11495345,0.004381902515887992,10,0.257749289274216,0.2440464,-0.013702884316444675
CHOLUTECA,5,0.125771373510361,0.13020524,0.00443387031555148,2,0.754111468791962,0.23574036,-0.5183711051940921
CHUBUT,68,,0.11695792,,68,,0.24579883,
CHURCHILL,11,,0.12937783,,11,,0.2443645,
CHUY (also SHU),8,,0.13435733,,8,,0.24181053,
CISNES,2,0.0837226286530495,0.11942059,0.03569795936346051,5,0.216547459363937,0.23973742,0.02318996191024819
CLUTHA,0,,0.1233886,,0,,0.24015683,
COATAN,0,0.25629049539566,0.122946024,-0.13334447145461997,1,0.918223083019257,0.23794636,-0.6802767217159276
COCO,1,0.150842800736427,0.11598488,-0.03485792130231827,6,0.789868891239166,0.2629192,-0.5269497036933897
COIG,0,0.0827926620841026,0.12521999,0.04242732375860217,1,0.220197767019272,0.23895377,0.018756002187728743
COLORADO (also COLORADO RIVER),0,,0.13678125,,0,,0.23413306,
COLORADO,1,,0.14022699,,1,,0.23386607,
COLUMBIA,155,,0.048957143,,155,,0.29369473,
COLVILLE,6,,0.13018405,,6,,0.23205145,
COMOE (also KOMOE),49,0.400552928447723,0.17106023,-0.2294926941394802,1,0.211965262889862,0.24141267,0.029447406530380305
CONCEPCION,16,0.368958443403244,0.12388852,-0.24506992101669312,10,0.277418076992035,0.21865764,-0.05876043438911449
CONGO,6,,0.120829806,,6,,0.24332096,
CONNECTICUT,2,0.197140991687775,0.11882235,-0.07831864058971438,21,0.235830664634705,0.2338816,-0.0019490718841556898
COPIAPO,0,,0.13484919,,0,,0.26320192,
COPPENAME RIVIER,1,,0.15290183,,1,,0.22857429,
COPPER,53,0.523607432842255,0.11556104,-0.40804639458656344,15,0.513345181941986,0.2104012,-0.30294397473335255
COPPERMINE,0,,0.1262007,,0,,0.23238128,
CORUBAL (also KOLIBA),12,,0.12767756,,12,,0.21738766,
COSAPILLA,0,0.0592873357236385,0.12096718,0.06167984381318096,0,0.211919590830803,0.23875234,0.0268327444791793
COURANTYNE,50,,0.14172284,,50,,0.23281176,
CROSS,36,0.135384872555733,0.12724212,-0.008142754435539523,7,0.213666930794716,0.22721778,0.013550847768783458
CUANZA,110,,0.12580289,,110,,0.230041,
CUVELAI,180,,0.109974,,180,,0.22141054,
CUYUNI,4,,0.13249108,,4,,0.23183064,
DALING HE,18,,0.1280248,,18,,0.25543684,
DALY,4,,0.12248306,,4,,0.2007702,
DAMODAR,1,,0.1470114,,1,,0.23309898,
DANUBE,335,,0.12554954,,335,,0.23240834,
DAOURA,33,,0.12779632,,33,,0.23925391,
DASHT KAUR,2,,0.11154798,,2,,0.23308837,
"DAUGAVA (also ZAPADNAYA DVINA, also ZAKHODNAYA DZVINA)",97,0.368240833282471,0.13438867,-0.23385216295719174,76,0.216520085930824,0.1689064,-0.04761368036270114
DE CONTAS,13,0.166593551635742,0.13489676,-0.031696796417236134,8,0.257739663124084,0.23396336,-0.023776307702064015
DE GREY RIVER,28,0.137031823396683,0.12049869,-0.0165331363677981,0,0.087268553674221,0.24784032,0.1605717614293099
DEAD SEA,23,1.0,0.1568257,-0.8431742936372757,6,0.513366162776947,0.22855751,-0.2848086506128311
DELAWARE,8,0.197140991687775,0.12519817,-0.07194282114505801,20,0.221935927867889,0.23408869,0.012152761220932423
DESEADO,0,0.07433170825243,0.11386875,0.03953704237937923,0,0.213137328624725,0.22755975,0.014422416687012052
DIGUL (also UWIMBU),5,,0.096838586,,5,,0.23349668,
DJERID,12,0.53921514749527,0.14089216,-0.3983229845762255,59,0.513353765010834,0.24247043,-0.2708833366632464
DNIEPER,349,,0.14548248,,349,,0.25208774,
DNIESTR,9,,0.14114515,,9,,0.23857984,
DOCE,21,,0.13288748,,21,,0.2658155,
DON,199,,0.13219489,,199,,0.24157074,
DONG NAI,0,,0.1412938,,0,,0.23813719,
DONG,0,,0.11645143,,0,,0.23002562,
DORDOGNE,2,0.208999261260033,0.118473366,-0.09052589535713229,2,1.0,0.2501858,-0.7498142123222351
DOURO (also DUERO),69,0.227742999792099,0.13957272,-0.08817027509212494,82,1.0,0.21609414,-0.7839058637619019
DRAA,2,,0.12685548,,2,,0.2311117,
DRAMSELVA,6,0.598632216453552,0.13372087,-0.46491134166717507,1,0.513232946395874,0.23940834,-0.2738246023654938
DRYSDALE,9,,0.113295734,,9,,0.16214114,
DURACK,0,,0.13175926,,0,,0.24435249,
EASTMAIN,35,,0.14138977,,35,,0.23805156,
EBRO,69,0.195235848426819,0.16537598,-0.02985987067222609,42,1.0,0.24697465,-0.7530253529548645
EEL,9,0.912855088710785,0.14774458,-0.7651105076074601,0,0.208454787731171,0.26058066,0.052125871181487704
ELBE,107,0.0951266288757324,0.13169073,0.03656409680843356,25,0.247426360845566,0.24258485,-0.004841506481170849
ELLICE,0,,0.11877091,,0,,0.2462632,
ESMERALDAS,8,0.113959781825542,0.13087606,0.016916282474995104,12,0.257736414670944,0.22941309,-0.028323322534560935
ESSEQUIBO,6,0.214962303638458,0.16158377,-0.05337853729724859,22,0.759260654449463,0.2543969,-0.5048637688159944
FERGUSON,0,,0.13299264,,0,,0.23117475,
FEUILLES,2,0.399811238050461,0.11333895,-0.2864722907543184,7,0.513320326805115,0.24580714,-0.26751318573951743
FITZROY,33,,0.11524102,,33,,0.24040647,
FLINDERS,1,,0.12602384,,1,,0.23250516,
FORTESCUE,1,0.135678395628929,0.14204921,0.006370812654495378,3,0.95761102437973,0.22290677,-0.734704256057739
FRASER,209,1.0,0.09295713,-0.9070428684353828,70,0.235831990838051,0.22446063,-0.011371359229087996
FUERTE NUEVO,2,,0.13293798,,2,,0.23318817,
GALANA,30,0.0966206341981888,0.12144317,0.024822533130645738,31,0.215301841497421,0.23137456,0.016072720289230624
GALLEGOS,6,0.112508609890938,0.13143012,0.018921509385108753,9,0.213137328624725,0.21169807,-0.0014392584562298305
GAMBIA,0,,0.13925686,,0,,0.23259039,
GANGES,0,,0.12686393,,0,,0.23477592,
GARONNE (also RIO GARONA),2,0.208999261260033,0.12700438,-0.08199487626552615,0,1.0,0.22841425,-0.7715857475996017
GASCOYNE,5,0.155467122793198,0.13001055,-0.02545657753944433,25,0.953215360641479,0.23675634,-0.7164590209722514
GEBA (also KAYANGA),0,,0.1501529,,0,,0.26465246,
GEORGE,38,0.423818111419678,0.11707653,-0.3067415803670886,38,0.513308942317963,0.22932038,-0.28398856520652804
GILBERT,3,,0.123071894,,3,,0.23957953,
GLOMAA,4,0.598632216453552,0.15145575,-0.447176471352577,9,0.509564399719238,0.23951253,-0.2700518667697903
GOASCORAN,1,0.143165409564972,0.11984722,-0.023318186402320945,1,0.761385083198547,0.23201492,-0.529370158910751
GODAVARI,10,,0.110926926,,10,,0.23619029,
GONO,5,0.152706280350685,0.11096726,-0.04173901677131642,0,0.199619472026825,0.23436348,0.03474400937557215
GOTA,35,0.640175580978394,0.12013997,-0.5200356096029286,25,0.506806254386902,0.22948991,-0.2773163467645646
GOURITZ,12,,0.117783085,,12,,0.22748497,
GRANDE DE MATAGALPA,0,0.148293778300285,0.14273751,-0.005556270480155612,13,0.817104816436768,0.18289831,-0.6342065036296849
GREAT FISH (also GROOT-VIS),33,0.129229009151459,0.038499817,-0.09072919189929987,33,0.798827230930328,0.36413673,-0.43469050526618924
GREAT KEI (also GROOT-KEI),7,0.100718908011913,0.1123595,0.011640593409538574,19,0.58749395608902,0.2371211,-0.3503728508949282
GREAT SALT LAKE,1,,0.1302251,,1,,0.2380284,
GREAT SCARCIES (also KOLENTE),2,0.234109804034233,0.13221164,-0.10189816355705253,0,0.211965262889862,0.25507796,0.043112695217132624
GUADALQUIVIR,3,0.191142246127129,0.17054574,-0.02059650421142617,59,0.884940028190613,0.231696,-0.6532440334558489
GUADIANA,1,0.193701207637787,0.117150694,-0.07655051350593581,37,0.898000657558441,0.22758828,-0.6704123765230178
GUAYAS,15,0.11464461684227,0.15455563,0.03991101682186117,12,0.257436573505402,0.21130751,-0.04612906277179757
GUDENA,0,0.0,0.118999034,0.11899903416633606,0,0.212362229824066,0.22408794,0.011725708842277693
GUIR,51,0.575504183769226,0.122874066,-0.452630117535591,19,0.513365149497986,0.21807736,-0.29528778791427623
GURUPI,11,0.145530894398689,0.13143544,-0.014095455408096036,9,0.252017796039581,0.2331248,-0.01889300346374484
HAI HE,180,0.144197106361389,0.164295,0.02009789645671861,3,0.240151956677437,0.24213244,0.0019804835319517378
HAMUN-I-LORA,36,0.113859809935093,0.1373975,0.023537687957286765,0,0.087268553674221,0.22788095,0.14061240106821066
HAMUN-I-MASHKEL,5,,0.11503081,,5,,0.24212989,
HAMUN,117,,0.1619408,,117,,0.23186216,
HAN-GANG,3,0.191419079899788,0.11857253,-0.07284654676914226,0,1.0,0.21408421,-0.7859157919883728
HANJIANG XIXI,0,,0.14887819,,0,,0.20668182,
HAR US NUUR,8,,0.1389742,,8,,0.23577249,
HARI,8,0.0763473808765411,0.124286994,0.04793961346149449,20,0.21276493370533,0.23452139,0.021756455302238353
HAYES,104,0.542015671730042,0.13510872,-0.4069069474935536,83,0.513351500034332,0.2761209,-0.23723059892654397
HINGOL,0,,0.121821195,,0,,0.22202629,
HODNA,1,0.161873042583466,0.15688224,-0.00499080121517223,1,0.918435156345367,0.23894805,-0.6794871091842647
HONDO,9,,0.12402399,,9,,0.23539014,
HORNADAY,1,,0.1467884,,1,,0.24762604,
HORTON,0,,0.15710847,,0,,0.22925645,
HUAI HE,48,0.177732452750206,0.13938695,-0.03834550082683563,34,0.695889174938202,0.2553519,-0.4405372738838197
HUASCO,0,,0.12898523,,0,,0.2074151,
HUDSON,0,0.258580595254898,0.11149594,-0.1470846533775329,27,0.23534320294857,0.2507041,0.015360906720161688
IIJOKI,7,0.1271633207798,0.096258976,-0.030904345214366497,15,0.23018017411232,0.23531556,0.005135387182235662
INCOMATI (also KOMATI),28,,0.1311376,,28,,0.24170063,
INDIGIRKA,71,,0.16325688,,71,,0.22596379,
INDUS,0,,0.1243788,,0,,0.21851984,
IRRAWADDY,2,,0.12077427,,2,,0.2532876,
ISHIKARI,13,0.993735253810883,0.14870071,-0.8450345396995549,13,0.39678618311882,0.24521776,-0.15156842768192275
ITAPECURU,33,0.120670825242996,0.1326123,0.011941477656364663,20,0.251675426959992,0.22707826,-0.024597167968750555
ITAPICURU,8,0.157799199223518,0.1562538,-0.0015453994274135796,6,0.257750183343887,0.24688666,-0.010863527655601168
JACUI,33,0.126019328832626,0.1333259,0.0073065757751468174,26,0.257722318172455,0.24176103,-0.01596128940582292
JAGUARIBE,39,0.123084105551243,0.17276888,0.049684770405292344,35,0.257488310337067,0.25408208,-0.003406226634979581
JAMES,7,0.19202110171318,0.14323545,-0.04878565669059698,10,0.210754409432411,0.2406281,0.029873684048652843
JEQUITINHONHA,8,0.167319804430008,0.13285054,-0.0344692617654801,53,0.25761941075325,0.24061629,-0.017003118991851696
JOKULSA A FJOLLUM,2,0.134930789470673,0.123554274,-0.01137651503086129,2,0.219562977552414,0.2439213,0.02435831725597376
JUBBA (also GENALE WENZ),131,,0.13012876,,131,,0.23512854,
JURADO,1,0.115805730223656,0.19159389,0.07578815519809692,0,0.256865710020065,0.23740363,-0.019462078809737826
KALIXALVEN,3,0.123037435114384,0.12295769,-7.974356412918104e-05,13,0.244519636034965,0.25254673,0.008027091622353127
KAMCHATKA,58,,-0.07274625,,58,,0.3352975,
KAPUAS,24,0.225939050316811,0.114940934,-0.11099811643362084,0,0.211965262889862,0.2247595,0.01279424130916601
KARNAPHULI,5,,0.13367693,,5,,0.24062517,
KELANTAN,4,0.213089600205421,0.17010386,-0.04298573732376054,8,0.213291421532631,0.20984513,-0.0034462958574295877
KEM,34,0.19095566868782,0.12572888,-0.06522679328918413,33,0.243262872099876,0.24279341,-0.0004694610834117541
KEMIJOKI,45,0.174954995512962,0.10881141,-0.06614358723163571,48,0.243672251701355,0.23046821,-0.013204038143157987
KHATANGA,103,,0.11799961,,103,,0.26768988,
KINABATANGAN,3,0.201438397169113,0.13570711,-0.06573128700256331,11,0.210935100913048,0.22884595,0.017910853028297202
KISO,7,,0.109828845,,7,,0.21733613,
KITAKAMI,0,,0.10914345,,0,,0.21872443,
KIZILIRMAK,8,,0.11289189,,8,,0.2401002,
KLAMATH,16,0.990402936935425,0.14141376,-0.8489891737699511,18,0.210662111639977,0.40549323,0.19483111798763225
KOBUK,0,,0.123535246,,0,,0.24466835,
KOKEMAENJOKI,12,0.687938094139099,0.10873,-0.5792080909013747,17,0.513334691524506,0.2352427,-0.2780919969081882
KOLOK,2,0.175972178578377,0.13503945,-0.04093272984027885,3,0.213291421532631,0.2542371,0.0409456640481948
KOLYMA,576,,-0.012817118,,576,,0.5957948,
KOUILOU,34,0.217020705342293,0.09945536,-0.11756534874439262,9,0.209561124444008,0.2314738,0.021912679076194624
KOVDA,10,0.142912998795509,0.12313914,-0.0197738558053967,7,0.236847713589668,0.24556503,0.008717313408851901
KRISHNA,1,,0.15291385,,1,,0.22531402,
KUANTAN,9,0.173848688602448,0.110124916,-0.06372377276420643,0,0.211965262889862,0.24106014,0.029094874858856257
KUBAN,28,0.409072488546372,0.14687334,-0.262199148535729,40,0.277443110942841,0.22975035,-0.04769276082515761
KUNENE (also CUNENE),95,0.181507468223572,0.12730448,-0.054202988743782266,95,0.810291051864624,0.24622636,-0.56406469643116
KURA,146,0.610024392604828,0.1789134,-0.4311109930276872,150,0.277444392442703,0.22063924,-0.05680514872074105
KUSKOKWIM,1,0.445781737565994,0.12445517,-0.32132656872272464,12,0.513360381126404,0.24607685,-0.26728352904319785
KYMIJOKI,9,0.546917855739594,0.12705357,-0.4198642820119862,22,0.513027489185333,0.23317833,-0.27984915673732735
LA GRANDE,57,,0.13987412,,57,,0.24595281,
LAGARFLJOT,0,0.107711136341095,0.12670392,0.018992781639099093,1,0.21537047624588,0.24123976,0.025869280099868913
LAKE BALKHASH,80,,0.14231987,,80,,0.2304343,
LAKE EYRE,0,,0.12680735,,0,,0.22899576,
LAKE GAIRDNER,0,,0.1282379,,0,,0.24331291,
LAKE NATRON,10,0.0890171751379967,0.12221776,0.03320058435201642,11,0.212244302034378,0.20698035,-0.00526395440101618
LAKE TORRENS,0,,0.15437388,,0,,0.24360758,
LAKE TURKANA,15,0.137153327465057,0.07802743,-0.05912590026855433,120,0.214265584945679,0.24686593,0.0326003432273862
LAKE URMIA,3,0.0844221338629723,0.1457161,0.0612939670681953,2,0.241127803921699,0.2321957,-0.008932098746299216
LAM (also XONGKA),0,,0.15267836,,0,,0.23037192,
LAUCA,1,,0.120670035,,1,,0.22061184,
LEICHHARDT,0,,0.11447267,,0,,0.24253482,
LEMPA,3,0.158776760101318,0.17210716,0.013330399990082148,3,0.900242626667023,0.26596966,-0.6342729628086093
LENA,56,,0.1062311,,56,,0.21075805,
LIAO HE,155,,0.11904667,,155,,0.23597369,
LIMA (also LIMIA),1,0.15572015941143,0.11984722,-0.035872936248778936,1,0.714430749416351,0.23201494,-0.48241581022739377
LIMARI,0,,0.13325517,,0,,0.22718216,
LIMPOPO,199,,0.13645892,,199,,0.23784517,
LITTLE MECATINA,11,0.430081605911255,0.104431085,-0.32565052062273037,15,0.214452967047691,0.23390949,0.019456520676613187
LITTLE SCARCIES (also KABA),12,,0.09838599,,12,,0.24142978,
LOA,0,,0.10592426,,0,,0.18794647,
LOFFA (also LOFA RIVER),4,0.0805428549647331,0.15347016,0.07292730361223224,0,0.213711410760879,0.25312603,0.03941461443901115
LOIRE,100,0.22052800655365,0.10818976,-0.11233824491500866,1,1.0,0.23668249,-0.7633175104856491
LORENTZ,4,0.146959200501442,0.14488955,-0.002069652080535944,1,0.212362229824066,0.2472605,0.03489826619625108
LUAN HE,17,,0.12465961,,17,,0.23340636,
LULEALVEN,20,0.131102576851845,0.09883894,-0.032263636589050515,20,0.233950302004814,0.27403033,0.040080025792122026
LURIO,10,,0.12670176,,10,,0.23461302,
MA,0,,0.1215252,,0,,0.22881187,
MAAS (also MEUSE),4,0.184421971440315,0.12264748,-0.061774492263793696,2,0.247415989637375,0.24476297,-0.0026530176401139416
MACKENZIE,78,,0.12578131,,78,,0.2254948,
MAE KLONG,0,,0.13588965,,0,,0.2287127,
MAGDALENA,3,,0.13707988,,3,,0.23729189,
MAHAKAM,73,0.207076132297516,0.12392971,-0.08314642310142531,23,0.214444726705551,0.21980506,0.005360335111618181
MAHANADI,10,,0.12153871,,10,,0.25229096,
MAHI,1,,0.13816918,,1,,0.23086669,
MAJES,10,,0.095491245,,10,,0.24981856,
MAMBERAMO,7,,0.15017897,,7,,0.26262963,
MANGOKY,31,0.15507185459137,0.09817119,-0.056900665163994196,31,0.892226874828339,0.25873247,-0.6334944069385532
MANICOUAGAN,40,0.410388976335526,0.12285282,-0.2875361591577535,8,0.235775619745254,0.25949234,0.023716717958450845
MANO (also MANO RIVER),7,0.0685350298881531,0.16172163,0.09318660199642179,0,0.211965262889862,0.2099676,-0.001997664570808355
"MAPUTO (also LUSUTFU, also USUTU)",21,,0.12329695,,21,,0.24243647,
MAR CHIQUITA,31,,0.13083799,,31,,0.23615459,
MARITSA RIVER,35,0.221459746360779,0.11879197,-0.10266777873039265,31,1.0,0.23209617,-0.7679038345813751
MARONI,15,0.223332345485687,0.12510915,-0.09822319447994207,30,0.876235902309418,0.23855665,-0.6376792490482333
MBINI (also WOLEU),6,0.146024197340012,0.1314514,-0.014572799205780446,4,0.211759731173515,0.24290651,0.03114677965641055
MCARTHUR,1,0.105994366109371,0.13501333,0.029018960893154325,16,0.21485809981823,0.22854468,0.013686582446097995
MEARIM,2,0.143855944275856,0.13647838,-0.007377564907073947,35,0.253751695156097,0.24459544,-0.009156256914138405
MEDJERDA (also MAJARDAH),9,0.0994737818837166,0.13442253,0.03494874387979506,12,0.242774277925491,0.23804367,-0.004730612039565707
MEGHNA,28,,0.1363936,,28,,0.2373565,
MEKONG,2,,0.12537335,,2,,0.2372006,
MELRHIR,134,0.60961526632309,0.11877689,-0.49083837866783186,22,0.51336544752121,0.24099846,-0.2723669856786731
MERIN (also MIRIM),46,,0.140543,,46,,0.2254906,
MERRIMACK,9,0.056731328368187,0.12808049,0.07134915888309473,9,0.235667616128922,0.22695327,-0.008714348077774547
MESSALO,1,,0.1606752,,1,,0.22209811,
MEZEN,29,0.163030013442039,0.12733258,-0.03569743037223766,9,0.246444389224052,0.26917452,0.022730126976967274
MIN JIANG,0,,0.1273598,,0,,0.24061123,
MINO (also MINHO),2,0.1870456635952,0.09762363,-0.08942203223705333,1,1.0,0.23735528,-0.7626447230577469
MIRA,10,0.115805730223656,0.13992316,0.02411742508411377,5,0.257701545953751,0.25008628,-0.007615268230438621
MISSISSIPPI,126,,0.12479173,,126,,0.27456722,
MITCHELL,5,,0.14431709,,5,,0.28289053,
MOA (also MAKONA),6,0.0812486037611961,0.13733806,0.05608945339918141,1,0.211965262889862,0.29173547,0.07977020740509039
MOBILE RIVER,102,1.0,0.19292754,-0.8070724606513977,53,0.204082399606705,0.25718346,0.053101062774657926
MOGAMI,4,0.140367329120636,0.12692349,-0.01344384253025055,5,0.19860103726387,0.22473924,0.026138201355934393
MONO,1,,0.11901043,,1,,0.2355533,
MOOSE,7,,0.13671562,,7,,0.23368376,
MOTAGUA,0,0.236597076058388,0.14495377,-0.09164330363273646,3,0.845947563648224,0.26160312,-0.5843444466590882
MOTALA STROM,9,0.0169468764215708,0.12797537,0.11102849803864953,0,0.212362229824066,0.2338947,0.021532475948333907
MOULOUYA,0,,0.14561827,,0,,0.23681512,
MUCURI,4,0.144792944192886,0.14105123,-0.0037417113780971734,7,0.257575571537018,0.25208133,-0.0054942369461061236
MURCHISON,28,0.143509730696678,0.052701026,-0.09080870449542983,10,0.920343458652496,0.2328642,-0.6874792575836178
MURRAY,0,,0.14314258,,0,,0.21085384,
NADYM,54,0.14560803771019,0.092882946,-0.05272509157657643,31,0.247099235653877,0.22601691,-0.021082326769828547
NAKDONG,6,0.181717574596405,0.122246936,-0.059470638632774325,3,1.0,0.22752205,-0.7724779546260834
NARMADA,5,,0.09056285,,5,,0.20944233,
NARVA,3,,0.1334493,,3,,0.25149372,
NASS,3,0.0992114841938019,0.1702587,0.07104721665382384,10,0.212334990501404,0.23337837,0.021043375134467884
NATASHQUAN,3,0.416884213685989,0.10934632,-0.30753789097070655,5,0.216473385691643,0.24446753,0.02799414098262762
NEGRO,36,,0.14363255,,36,,0.23293175,
NELSON,58,,0.1384405,,58,,0.2322159,
"NEMAN (also NEMUNAS, also NYOMAN)",85,,0.09868652,,85,,0.17826281,
NESTOS (also MESTA),3,0.0913454070687294,0.14815329,0.05680788308382034,1,0.237467959523201,0.24186891,0.004400953650474548
NEVA,129,0.551983594894409,0.12205349,-0.4299301058053968,154,0.513316690921783,0.23029074,-0.2830259501934047
NIGER,350,,0.12936087,,350,,0.23540404,
NILE,132,,0.16032796,,132,,0.20440555,
NOATAK,0,,0.11092131,,0,,0.26763117,
NOTTAWAY,6,0.0737901404500008,0.14166868,0.06787853688001629,66,0.235828444361687,0.23625928,0.000430837273597412
NTEM,11,0.144096150994301,0.12982756,-0.014268592000007796,1,0.211759731173515,0.21287446,0.0011147260665896885
NUECES,0,,0.12123206,,0,,0.23519154,
NUSHAGAK,4,0.432738155126572,0.12771517,-0.3050229847431186,3,0.513364017009735,0.22793388,-0.2854301333427428
NYANGA,10,0.214609801769257,0.12783663,-0.08677317202091259,4,0.217672199010849,0.2503342,0.032662004232406616
NYONG,2,0.142995446920395,0.12196894,-0.021026507019996754,10,0.211759731173515,0.21370903,0.0019492954015735142
OB,664,,0.13227151,,664,,0.22494449,
OCONA,13,0.099472239613533,0.14025277,0.04078052937984468,11,0.215829506516457,0.25173658,0.03590707480907401
ODER,12,0.0949459075927734,0.1428843,0.04793839156627659,32,0.247431799769402,0.2366332,-0.010798603296280351
OGOOUE,122,0.230475127696991,0.1246416,-0.10583353042602542,3,0.216672241687775,0.24034002,0.02366778254508939
OIAPOQUE (also OYAPOK),23,0.183373346924782,0.15329681,-0.03007653355598469,25,0.801697313785553,0.23733373,-0.5643635839223862
OKAVANGO (also CUBANGO),523,,0.15563487,,523,,0.52954626,
OLENEK,89,0.20807658135891,0.08377053,-0.1243060529232029,77,0.213771626353264,0.257353,0.04358138144016252
OLFUSA,5,0.373985052108765,0.14935043,-0.2246346175670627,3,0.513362884521484,0.25859034,-0.2547725439071652
OLIFANTS,43,0.116867788136005,0.110119626,-0.006748162209987238,0,0.087268553674221,0.2882917,0.20102313905954367
OMOLOY,37,,0.11637503,,37,,0.23099644,
ONEGA,59,0.113946698606014,0.1461165,0.03216979652643229,4,0.247429028153419,0.23993859,-0.007490441203116871
ORANGE,8,,0.094212264,,8,,0.33432382,
ORD,9,,0.1428677,,9,,0.2283616,
ORINOCO,36,,0.16299303,,36,,0.29112425,
ORONTES,1,1.0,0.08901571,-0.9109842926263809,27,0.246828645467758,0.22213167,-0.024696975946426225
OUEME,41,0.101584233343601,0.13384794,0.03226370364427589,19,0.212018206715584,0.2360461,0.024027898907661244
OULUJOKI,12,0.157647222280502,0.11793399,-0.039713233709334994,11,0.230355262756348,0.23443556,0.0040802955627438076
PAHANG,22,0.211451202630997,0.11134501,-0.10010619461536438,13,0.213361382484436,0.2514909,0.03812950849533084
PAKCHAN,1,,0.13152193,,1,,0.23953514,
PALENA (also CORCOVADO),0,,0.11194041,,0,,0.22034317,
PALYAVAAM,5,,0.1340717,,5,,0.19022204,
PANGANI,32,,0.08558524,,32,,0.22839496,
PANUCO,60,0.142836824059486,0.12732723,-0.015509590506553261,68,0.836800277233124,0.2930773,-0.543722987174988
PAPALOAPAN,17,0.228831112384796,0.14993796,-0.07889315485954271,0,0.925002694129944,0.24122775,-0.6837749481201173
PARAGUACU,17,0.1676225066185,0.1425148,-0.025107711553573858,26,0.256826430559158,0.24335587,-0.013470560312270785
PARAIBA DO SUL,27,,0.14250208,,27,,0.25102276,
PARAIBA,14,0.115869782865047,0.10097779,-0.014891989529132385,5,0.256505846977234,0.24834374,-0.008162111043930165
PARANA,347,,0.15847984,,347,,0.26152855,
PARNAIBA,0,0.197492703795433,0.1419986,-0.05549409985542292,123,0.257714301347732,0.24284086,-0.014873445034026544
PASCUA,0,,0.12672982,,0,,0.24509622,
PATIA,1,0.117798008024692,0.14584889,0.028050877153873985,14,0.24645808339119,0.22645137,-0.020006716251373707
PATUCA,4,0.150842800736427,0.13017194,-0.020670861005782776,13,0.816775441169739,0.26911813,-0.5476573109626772
PAZ,0,0.125571042299271,0.1496006,0.024029552936553594,0,0.750524401664734,0.25585896,-0.4946654438972474
PEARL,13,0.321881353855133,0.13158602,-0.19029533863067621,13,0.190983146429062,0.22798945,0.037006303668022045
PECHORA,302,,0.13588841,,302,,0.2330603,
PEE DEE,7,1.0,0.08993616,-0.9100638404488564,14,0.210662111639977,0.22931728,0.018655166029929615
PENNER,6,,0.13833989,,6,,0.23296209,
PENOBSCOT,6,0.0706389769911766,0.13000639,0.05936741083860397,17,0.235496670007706,0.245402,0.009905323386192016
PERAK,0,0.190862253308296,0.14064968,-0.050212576985359,7,0.212488204240799,0.24113247,0.028644263744354193
PINDARE,7,0.144553661346435,0.1315989,-0.012954756617545526,28,0.25204473733902,0.23715392,-0.014890819787979348
PIVDENNY BUH (also SOUTHERN BUG),3,,0.15859364,,3,,0.24961942,
PO,10,,0.09771855,,10,,0.2914874,
PONOY,11,0.143421038985252,0.11741914,-0.02600190043449363,7,0.241393104195595,0.23853293,-0.0028601735830309227
POOPO,22,0.0700130313634872,0.13833195,0.06831891834735875,10,0.215709775686264,0.24780253,0.032092750072479276
POPIGAY,44,0.158037006855011,0.12151261,-0.03652440011501312,45,0.201566889882088,0.22719918,0.025632292032241516
POTOMAC,2,0.202962890267372,0.16508858,-0.03787431120872484,2,0.210892349481583,0.26804203,0.05714967846870386
PRA,6,0.0838916897773743,0.12551598,0.04162429273128507,0,0.211965262889862,0.24958658,0.037621319293975886
PUELO,0,,0.16618791,,0,,0.24352217,
PULAU (also EILANDEN),6,,0.13776332,,6,,0.24504992,
PUNGWE  (also PUNGOE),18,0.142258137464523,0.15790205,0.015643909573555298,6,0.9192835688591,0.2332465,-0.6860370635986325
PUR,60,0.281619191169739,-0.062332902,-0.3439520932734015,80,0.247244343161583,0.27997467,0.03273032605648035
PURARI,3,,0.12460424,,3,,0.2348614,
PYASINA,3,,0.109839424,,3,,0.23082417,
QIANTANG JIANG,28,0.162350073456764,0.13541877,-0.02693130075931527,3,0.699423611164093,0.25966296,-0.43976065516471863
QUOICH,1,,0.12804177,,1,,0.23269124,
RAJANG,29,0.228973776102066,0.1268766,-0.10209718346595761,34,0.213340491056442,0.268095,0.05475449562072779
RAPEL,0,,0.1569041,,0,,0.26642674,
RED,0,,0.17132697,,0,,0.23151118,
RHARSA,5,0.666835069656372,0.12895848,-0.5378765910863875,14,0.513364017009735,0.23071015,-0.28265386819839466
RHINE,48,0.196218803524971,0.123193756,-0.07302504777908325,27,0.249213963747025,0.24118814,-0.008025825023651595
RHONE,95,,0.13338852,,95,,0.23662317,
RIBEIRA DO IGUAPE,13,,0.14378068,,13,,0.28708336,
RIO DE LA PLATA,234,,0.12902886,,234,,0.30575442,
RIO GRANDE (also BRAVO),45,,0.12803397,,45,,0.26570994,
ROANOKE,19,0.175939127802849,0.123413086,-0.05252604186534901,0,0.210662111639977,0.2356475,0.024985387921332813
ROGUE,6,0.288875579833984,0.08626117,-0.20261441171169242,1,0.211700186133385,0.24465574,0.03295555710792511
ROPER,0,,0.14743276,,0,,0.23423973,
RUFIJI,38,,0.13981234,,38,,0.23630825,
RUKWA,1,0.235878393054009,0.15633264,-0.07954575121402793,70,0.213700070977211,0.23042469,0.016724616289138794
RUPERT,2,0.0690491795539856,0.098437,0.029387816786766052,27,0.235822424292564,0.22831377,-0.007508650422095864
RUVU,13,0.0719637349247932,0.105755314,0.03379157930612568,0,0.211965262889862,0.2404522,0.02848693728446966
RUVUMA (also ROVUMA),101,,0.13357253,,101,,0.24233407,
SABINE,11,,0.13643755,,11,,0.22691159,
SACRAMENTO,25,1.0,0.12878753,-0.8712124675512314,65,0.383990824222565,0.22357738,-0.1604134440422061
SAGUENAY,69,,0.16451026,,69,,0.21823785,
SAINT CROIX,3,0.065468542277813,0.19204132,0.12657278031110758,2,0.234906554222107,0.24704747,0.012140914797782842
SAINT JOHN (also SAINT-JEAN),20,0.0700240433216095,0.12657692,0.05655287206172943,41,0.235829651355743,0.24160174,0.005772083997726857
SAINT JOHN RIVER,15,0.0813999101519585,0.118652344,0.03725243359804151,0,0.211965262889862,0.22299694,0.011031672358512934
SAINT JOHNS,7,0.922308444976807,0.12632172,-0.7959867268800739,11,0.20703686773777,0.24147062,0.034433752298355186
SAINT LAWRENCE (also SAINT-LAURENT),32,,0.12962657,,32,,0.23168638,
SAINT PAUL RIVER,3,0.0737090781331062,0.15212129,0.07841221243143084,9,0.215201422572136,0.23442845,0.019227027893066323
SAKARYA,7,,0.17449842,,7,,0.21883416,
SALAR DEL PULAR,0,,0.1304626,,0,,0.23283818,
SALINA DE JAMA,0,,0.16779892,,0,,0.23740363,
SALINAS,3,1.0,0.13839003,-0.8616099655628204,5,0.208442911505699,0.23538756,0.026944652199745345
SALSA,4,,0.12096898,,4,,0.23668072,
SALWEEN,2,,0.11949819,,2,,0.22063142,
SAN ANTONIO,14,,0.13773344,,14,,0.23462126,
SAN JOAQUIN,9,1.0,0.13405782,-0.8659421801567078,34,0.208379998803139,0.23452228,0.02614228427410098
SAN JUAN,23,0.148655354976654,0.032444812,-0.11621054261922831,40,0.821163833141327,0.23028949,-0.590874344110489
SAN PEDRO,1,0.139072731137276,0.12515076,-0.013921976089477844,15,0.845730066299438,0.22491112,-0.6208189427852626
SANAGA,3,0.139057546854019,0.1416521,0.0025945603847505327,88,0.214524254202843,0.2494987,0.03497444093227359
SANTA CRUZ,0,,0.15317771,,0,,0.25036895,
SANTA,2,0.0986954122781754,0.12057695,0.02188153564929958,6,0.257327497005463,0.23369059,-0.023636907339096402
SANTEE,16,1.0,0.17184505,-0.8281549513339996,15,0.210662111639977,0.224763,0.014100894331931568
SANTIAGO,91,,0.123389214,,91,,0.23998016,
SAO FRANCISCO,100,0.21535687148571,0.13038187,-0.08497500419616685,568,0.257747232913971,0.23515736,-0.02258987724781042
SARSTOON,0,0.143102824687958,0.13545929,-0.007643535733223211,1,0.805556416511536,0.24161677,-0.5639396458864215
SARYSU,41,,0.13162258,,41,,0.23691717,
SASSANDRA,59,0.336470901966095,0.1273577,-0.20911319553852087,36,0.213268473744392,0.15387672,-0.059391751885413735
SAVANNAH,6,,0.12550052,,6,,0.25094628,
SAVE,72,,0.14519216,,72,,0.23622438,
SCHELDE (also ESCAUT),10,0.237580567598343,0.12827413,-0.10930643975734722,21,0.247420281171799,0.2498045,0.0023842155933377074
SEAL,0,,0.11867933,,0,,0.22196533,
SEBOU,0,,0.115167074,,0,,0.2309567,
SEINE,32,0.223690301179886,0.14803937,-0.07565093040466322,0,1.0,0.22204596,-0.7779540419578552
SEMBAKUNG,1,,0.124243885,,1,,0.2332212,
SENEGAL,5,,0.124081686,,5,,0.22956666,
SEPIK,4,,0.10239077,,4,,0.23018967,
SERRANO,0,,0.13653345,,0,,0.23253264,
SEVERN,82,0.447867631912231,0.11191757,-0.33595006167888597,91,0.513167858123779,0.30254814,-0.21061971783637967
SEVERNAYA DVINA,0,,0.1754178,,0,,0.20692633,
SHANNON,7,0.189531102776527,0.15853746,-0.03099364042282063,1,0.247402980923653,0.21416073,-0.033242255449295405
SHATT AL ARAB,27,,0.1174759,,27,,0.25556174,
SHINANO GAWA,4,,0.12850153,,4,,0.22942078,
SITTANG,1,,0.11844483,,1,,0.24217425,
SIXAOLA,3,0.125309094786644,0.1063213,-0.018987797200679807,2,0.65456485748291,0.25511116,-0.3994536995887755
SKAGIT,2,0.266268134117127,0.121365935,-0.1449021995067602,2,0.251451551914215,0.23074484,-0.020706713199615367
SKEENA,45,0.742714285850525,0.13373008,-0.6089842021465303,2,0.235703676939011,0.228868,-0.006835684180260093
SKJERN A,0,0.0,0.14784504,0.1478450447320938,0,0.212362229824066,0.2515639,0.039201676845550704
SOUTH ESK,0,,0.1377914,,0,,0.23282897,
SPEY,0,0.0,0.16779894,0.1677989363670349,0,0.212362229824066,0.23740363,0.025041401386261153
STIKINE,36,0.0992114841938019,0.13911065,0.039899170398712144,18,0.214155301451683,0.24071606,0.026560753583908137
STRUMA RIVER,11,0.125016421079636,0.11672271,-0.008293710649013908,11,1.0,0.23132837,-0.7686716318130493
SUCHIATE,0,0.217180177569389,0.117548645,-0.09963153302669492,1,0.655373275279999,0.24573418,-0.40963909029960655
SUNGAI FLY (also FLY RIVER),47,,0.060964536,,47,,0.27773237,
SURINAME RIVIER,12,0.223332345485687,0.10320278,-0.12012956291437124,14,0.784547984600067,0.24168646,-0.542861521244049
SUSITNA,21,0.435837537050247,0.122350425,-0.3134871125221251,1,0.5133455991745,0.24070925,-0.2726363539695744
SUSQUEHANNA,25,0.243022188544273,0.16644573,-0.07657645642757377,73,0.22932280600071,0.22368196,-0.005640849471092696
SUWANNEE,15,,0.12439227,,15,,0.24652784,
SVARTA,2,0.434341222047806,0.14632416,-0.28801706433296226,1,0.511915028095245,0.2237738,-0.28814122080802884
TAFNA,0,0.541907846927643,0.13381943,-0.40808841586113,2,0.820505976676941,0.23379394,-0.5867120325565339
TAGUS,51,0.180635303258896,0.103662424,-0.07697287946939482,51,0.884940028190613,0.2500741,-0.6348659396171572
TAKU,0,0.393996477127075,0.16555205,-0.22844442725181557,4,0.211976602673531,0.24886407,0.036887466907500804
TALAS,28,,0.13930409,,28,,0.2640581,
TANA,93,0.154595911502838,0.15598315,0.0013872385025025802,92,0.243595376610756,0.30431962,0.060724243521690285
TANO (also TANOE),13,0.0849392414093018,0.1261779,0.04123866558074947,3,0.211965262889862,0.29021585,0.0782505869865418
TAPI,1,,0.1356515,,1,,0.253868,
TARIM HE (also TALIMU HE),418,,0.097408116,,418,,0.2362116,
TAZ,54,,0.119167864,,54,,0.26709378,
TENRYU,0,0.147279381752014,0.123505145,-0.023774236440658403,1,0.198974400758743,0.24075729,0.04178288578987149
THAMES,0,0.208719834685326,0.12295659,-0.08576324582099953,14,0.246642634272575,0.24695292,0.0003102868795398783
THELON,0,,0.118036255,,0,,0.21779475,
THJORSA,7,0.496470868587494,0.12817943,-0.3682914376258851,4,0.5133336186409,0.24912804,-0.2642055749893192
THLEWIAZA,0,,0.13348523,,0,,0.24451,
THU BON,2,,0.11813699,,2,,0.24658613,
TIJUANA (also TIA JUANA),1,,0.15438633,,1,,0.25235328,
TITICACA,3,0.095673643052578,0.12163508,0.025961436331272097,2,0.215709775686264,0.2247662,0.009056419134140042
TOCANTINS,308,,0.13919944,,308,,0.24741137,
TONE,16,,0.11726268,,16,,0.23634613,
TORGHAY,19,,0.11018796,,19,,0.2455972,
"TORNEALVEN (also TORNIONJOKI, also TORNIONVAYLA)",31,0.155831217765808,0.076184176,-0.07964704185724247,18,0.244519636034965,0.2332726,-0.011247038841247031
TRENT,0,0.208970829844475,0.17186011,-0.03711071610450764,11,0.246663123369217,0.27454042,0.027877300977706826
TRINITY,22,,0.1257235,,22,,0.23359121,
TSIRIBIHINA,9,0.153065890073776,0.12261605,-0.03044983744621252,29,0.891905903816223,0.18731636,-0.704589545726776
TUBAN,3,,0.12908052,,3,,0.23775679,
TULOMA,30,,0.15355907,,30,,0.22332951,
TUMBES (also TUMBEZ),0,0.107628919184208,0.15067668,0.043047763407230294,0,0.254311263561249,0.2382051,-0.016106158494949563
TUMEN,28,,0.12583217,,28,,0.21351168,
TWEED,4,0.0119131999090314,0.11141741,0.09950421284884213,0,0.212362229824066,0.22898397,0.016621738672256636
ULUA,2,0.150370314717293,0.12549755,-0.024872764945030434,1,0.799379289150238,0.25653362,-0.5428456664085388
ULUNGUR HU,17,,0.12786958,,17,,0.22664325,
UMBA,2,0.0723498463630676,0.14999992,0.07765007019042972,1,0.214433223009109,0.22401322,0.00958000123500874
UMBELUZI (also UMBULUZI),8,0.126403450965881,0.16483656,0.038433104753494624,1,0.7696453332901,0.24802539,-0.5216199457645415
URAL (also ORAL),193,0.69801127910614,0.12669943,-0.5713118463754653,193,0.485008627176285,0.23757774,-0.24743089079856895
URUGUAY,5,,0.07387088,,5,,0.19565353,
USUMACINTA,20,0.25629049539566,0.15928438,-0.09700611233711204,26,0.914721071720123,0.23239344,-0.6823276281356808
UTAMBONI (also MITEMBONI),4,0.136589884757996,0.13605815,-0.0005317330360416483,1,0.211634904146195,0.22880453,0.017169624567031305
UTHUKELA,25,0.124169640243053,0.14102891,0.01685927063226743,21,0.989321231842041,0.26063323,-0.7286880016326904
UVS NUUR (also UBSU-NUR),62,0.10822269320488,0.13536933,0.027146637439727547,23,0.239719182252884,0.23769632,-0.0020228624343872903
VALDIVIA,0,,-0.040167715,,0,,0.3605465,
VAM CO,2,,0.13752322,,2,,0.22948079,
VARDAR,21,0.109080992639065,0.11899841,0.009917415678500921,13,0.242774277925491,0.24579808,0.003023803234100675
VARZUGA,4,0.157599985599518,0.13040206,-0.027197927236557173,3,0.235428139567375,0.23942757,0.003999426960945324
VASA BARRIS,1,0.15567210316658,0.1343752,-0.02129690349102001,7,0.257548421621323,0.23538856,-0.022159859538078697
VERDE,15,0.195199817419052,0.12104364,-0.07415618002414692,8,0.925002694129944,0.25307357,-0.6719291210174562
VICTORIA,1,,0.116328776,,1,,0.24229938,
VISTULA,169,0.137843444943428,0.11734753,-0.020495913922786685,29,0.247385621070862,0.23811015,-0.00927546620368977
VOLGA,23,,0.23905176,,23,,0.24970856,
VOLTA,77,,0.14379257,,77,,0.23460326,
VYG,17,0.178489059209824,0.12746197,-0.05102708935737649,3,0.247364386916161,0.25378478,0.006420388817786754
WAIAU,1,,0.1048904,,1,,0.24565801,
WAIKATO,0,,0.12879337,,0,,0.22048308,
WESER,20,0.089973621070385,0.13486947,0.04489585012197493,8,0.247412949800491,0.24289396,-0.0045189857482906826
WINISK,57,0.406315565109253,0.12327555,-0.2830400168895722,52,0.513078153133392,0.23359373,-0.27948442101478543
YALU RIVER,58,0.219091162085533,0.10918848,-0.1099026799201964,2,1.0,0.23021139,-0.7697886079549789
YANA,188,,0.13087283,,188,,0.23737484,
YANGTZE,0,,0.12020855,,0,,0.21183994,
YAQUI,53,,0.14374304,,53,,0.23297009,
YELCHO,0,,0.0015362762,,0,,0.43507963,
YELLOW RIVER,0,,0.14716461,,0,,0.23485635,
YENISEY,680,,0.1426061,,680,,0.22544692,
YODO,4,0.114706173539162,0.15485062,0.04014444351196257,4,0.201011881232262,0.23231342,0.031301543116569186
YSYK-KOL (also ISSYK-KUL),1,,0.14372161,,1,,0.22576497,
YUKON,336,,0.12903953,,336,,0.24028933,
ZAMBEZI,45,,0.12747583,,45,,0.23850718,
ZAPALERI,0,,0.120959625,,0,,0.23051837,
ZARUMILLA,0,0.110368341207504,0.12115209,0.010783746838569919,0,0.250828057527542,0.24129975,-0.009528309106826671
ZHEM (also EMBA),21,,0.11916821,,21,,0.22988483,
ZHU,0,,0.1323869,,0,,0.23493442,
