Basin,FRI_true,FRI_pred,FRI_err,FRI_err_pct,DRI_true,DRI_pred,DRI_err,DRI_err_pct
ABHE BAD (also ABHE BID HAYK),-0.2330633848905563,0.13175501,0.36481839418411255,1.5653250710337814,0.4958175420761108,0.23863994,-0.2571776062250137,-0.5186929983460271
ACARAU,-0.0339673571288585,0.14339942,0.17736677452921862,5.221836826844297,0.3600535690784454,0.23228651,-0.1277670562267303,-0.35485470036874767
AISEN,-0.4966653287410736,0.12539847,0.6220638006925583,1.2524833467894556,0.7079262733459473,0.24018998,-0.46773628890514374,-0.660712345061146
ALAKOL,0.1183456629514694,0.12527068,0.006925016641616849,0.05851467602814117,0.2416810840368271,0.24193129,0.000250205397605896,0.0010352666338633945
ALAZEYA,-1.1195603609085083,0.12350171,1.2430620715022087,1.1103136777789786,1.1766798496246338,0.24703087,-0.9296489804983139,-0.7900604321000686
ALBANY,-0.9687432050704956,0.120529234,1.0892724394798279,1.124419307611937,1.0572309494018557,0.23633294,-0.8208980113267901,-0.7764597085731519
ALSEK,0.1177920997142791,0.14020668,0.02241457998752601,0.19028771669898478,0.2582488358020782,0.24143353,-0.016815304756164495,-0.0651125477154289
ALTAMAHA,0.1296600997447967,0.13142388,0.0017637759447098333,0.013602969187993592,0.2314263880252838,0.23712449,0.005698099732398987,0.02462154449833941
AMACURO (also AMAKURA),0.1020303070545196,0.13852084,0.03649052977561956,0.35764052063080154,0.2598373293876648,0.23651485,-0.02332247793674469,-0.08975765042711928
AMAZON (also AMAZONAS),-1.2103307247161863,0.121694684,1.3320254087448118,1.1005475462954215,1.246058225631714,0.23728566,-1.0087725669145586,-0.8095703207069807
AMUR,-1.0039793252944946,0.13081022,1.1347895413637161,1.1302928686541622,1.0929235219955444,0.23851834,-0.8544051796197891,-0.7817604623416734
ANABAR,-0.4579623639583587,0.1274855,0.5854478627443314,1.2783782843252354,0.6918941140174866,0.24392687,-0.4479672461748123,-0.647449645328021
ANADYR,-2.579896926879883,0.12457882,2.7044757455587387,1.0482886993156824,2.282088279724121,0.23447825,-2.047610029578209,-0.897252376482721
ANDERSON,-0.3949305713176727,0.12919818,0.5241287499666214,1.3271448583044285,0.6239745020866394,0.23813775,-0.38583675026893616,-0.618352401622592
ANGERMANALVEN,-3.082358121871948,0.12781923,3.210177347064018,1.0414683374243292,2.641329288482666,0.23150533,-2.409823954105377,-0.9123523720654112
APALACHICOLA,0.1300344467163086,0.13855945,0.008524999022483826,0.06555903976769013,0.2426172643899917,0.24352448,0.0009072124958038885,0.0037392588644753
ARAGUARI,-0.523745059967041,0.14320499,0.6669500470161438,1.2734274199847053,0.7213817834854126,0.2361731,-0.4852086901664734,-0.672609190674267
ARAL SEA,-0.6811293959617615,0.123737946,0.8048673421144485,1.181667578222115,0.8445587754249573,0.23368928,-0.6108694970607758,-0.7232993031824235
ARMERIA,0.0930791273713111,0.14617743,0.05309829860925683,0.5704579496054991,0.2671342492103576,0.23307896,-0.034055292606353704,-0.1274833355276773
ARNAUD,-0.6503418684005737,0.12693846,0.777280330657959,1.1951891206984668,0.811477780342102,0.23729229,-0.5741854906082153,-0.7075791807718632
ASHBURTON,-9.554604530334473,0.12791723,9.682521760463715,1.013388125391401,7.56088924407959,0.23228727,-7.328601971268654,-0.969277655763774
ATOUI,0.1134929433465004,0.1262044,0.012711457908153534,0.11200120053406791,0.2535021007061004,0.24082822,-0.012673884630203192,-0.049994988601329574
ATRATO,-1.0674740076065063,0.13509509,1.2025690972805023,1.1265569140496667,1.1301119327545166,0.24382755,-0.8862843811511993,-0.7842440834572046
ATREK,0.124338299036026,0.12158379,-0.002754509449005127,-0.02215316855057255,0.2380417734384536,0.23665206,-0.0013897120952605369,-0.005838077229510391
ATTAWAPISKAT,-0.8803139925003052,0.11911567,0.9994296655058861,1.1353117289195747,0.986604630947113,0.23715705,-0.7494475841522217,-0.7596222448403964
AZOPARDO,0.1089285314083099,0.13163647,0.02270793914794926,0.2084644894214329,0.2439520359039306,0.23513362,-0.008818417787551824,-0.03614801412442575
BACK,-1.4446560144424438,0.1298742,1.5745302140712738,1.0899004941182822,1.4230258464813232,0.24229169,-1.1807341575622559,-0.8297342811780556
BAKER,-0.2521728873252868,0.12250462,0.3746775090694427,1.4858020576501887,0.5231972932815552,0.23314983,-0.29004746675491333,-0.5543738778957111
"BALEINE, GRANDE RIVIERE DE LA",-0.6096893548965454,0.12022826,0.7299176156520844,1.1971978959249434,0.7734571695327759,0.23363721,-0.5398199558258057,-0.6979303821328767
"BALEINE, RIVIERE DE LA",0.1215957328677177,0.12035943,-0.0012363046407699169,-0.010167252126049015,0.2367515712976455,0.23814772,0.0013961493968964178,0.005897082296695218
BANCANNIA LAKE,-5.58723783493042,0.12070392,5.707941755652428,1.0216036878851067,4.555729389190674,0.23638533,-4.319344058632851,-0.9481123090342013
BANDAMA,-2.8817689418792725,0.12968615,3.011455088853836,1.0450026336575844,2.5168397426605225,0.23758358,-2.2792561650276184,-0.9056020615028044
BARAKA,0.0220684856176376,0.14211208,0.12004359066486361,5.4393470126429495,0.318916767835617,0.23649801,-0.08241875469684595,-0.2584326212245656
BENGAWAN SOLO,-1.1821483373641968,0.13736074,1.3195090740919113,1.1161967991519453,1.202009677886963,0.23804529,-0.9639643877744675,-0.8019599205799391
BIA,-3.219477891921997,0.11206043,3.3315383195877075,1.034807340269124,2.7649519443511963,0.19543403,-2.5695179104804993,-0.9293170488597388
BIOBIO,-0.7975741028785706,0.12739897,0.9249730706214905,1.1597345337789262,0.9215559363365172,0.23644288,-0.6851130574941634,-0.7434299829782697
BLACKWOOD,-1.038380146026611,0.121300176,1.1596803218126295,1.1168178080715323,1.1182560920715332,0.2352456,-0.8830104917287827,-0.7896310231245981
BRAHMANI,-9.544187545776367,0.12961283,9.673800379037857,1.0135803960494514,7.552911758422852,0.22974221,-7.32316954433918,-0.9695821702921874
BRAHMAPUTRA,-0.6096664071083069,0.12739813,0.7370645403862,1.2089656585276138,0.7874985933303833,0.2413404,-0.5461581945419312,-0.6935345734366607
BRANTAS,-2.552943706512451,0.10564379,2.6585874930024147,1.0413815735936682,2.242229461669922,0.24897106,-1.9932584017515182,-0.888962323822423
BRAZOS,-0.0757384970784187,0.11441816,0.1901566535234451,2.510733267651513,0.406684547662735,0.23899089,-0.16769365966320038,-0.4123423136793369
BULLER,-0.5940629839897156,0.13256796,0.7266309410333633,1.2231567759197715,0.7694100141525269,0.2358782,-0.5335318148136139,-0.6934288761141225
BULUNGAN,-4.502499103546143,0.1306382,4.633137300610542,1.0290148255612832,3.722257137298584,0.22852491,-3.49373222887516,-0.9386055722107237
BURDEKIN,-0.7990021705627441,0.1251069,0.9241090714931488,1.1565803725197175,0.935908019542694,0.24345466,-0.6924533545970916,-0.7398725091199994
BUZI (also BUDZI),-18.027158737182617,0.12239989,18.149558626115322,1.0067898051771214,13.980127334594728,0.2332655,-13.746861830353739,-0.9833144232543448
CANCOSA,-1.639858961105347,0.12841973,1.7682786881923678,1.0783121039339643,1.565094232559204,0.23088516,-1.334209069609642,-0.8524778824020678
CANDELARIA,-0.2449241876602172,0.080282435,0.325206622481346,1.3277902577868874,0.5472943186759949,0.24274743,-0.30454689264297485,-0.5564580624949034
CANETE,0.1250803768634796,0.13493824,0.009857863187789945,0.07881159797712602,0.2531195282936096,0.23574136,-0.01737816631793976,-0.06865569709060415
CANIAPISCAU,-0.2871274352073669,0.12339194,0.4105193763971328,1.4297512386856672,0.5510509014129639,0.23457372,-0.3164771795272827,-0.5743146493384685
CAPE FEAR,-1.7125229835510254,0.1351936,1.847716584801674,1.078944739132816,1.6214014291763306,0.23977335,-1.381628081202507,-0.8521191632261039
CAPIM,-1.484125733375549,0.10354751,1.587673246860504,1.0697707619557286,1.4571080207824707,0.25865942,-1.1984485983848572,-0.8224838233046473
CATATUMBO,-0.0212923642247915,0.1250885,0.14638086222112176,6.875128370152864,0.3510399758815765,0.23506276,-0.11597721278667444,-0.3303808408560239
CAUVERY,-0.0839119330048561,0.12651041,0.2104223445057869,2.5076868647570554,0.3942056894302368,0.23041704,-0.16378864645957947,-0.41548926198160147
CAVALLY,-1.304007887840271,0.12614216,1.4301500469446182,1.0967350404975764,1.302471160888672,0.22783487,-1.074636295437813,-0.825074291572261
CESTOS (also NUON),-5.869289875030518,0.12343848,5.992728352546692,1.0210314196735686,4.756136417388916,0.21955745,-4.536578968167305,-0.9538368154757507
CHAD,-1.85856568813324,0.12689625,1.985461935400963,1.0682770140194473,1.7545374631881714,0.24405915,-1.5104783177375793,-0.8608978084144645
CHANGUINOLA,0.1141034364700317,0.13510655,0.021003112196922344,0.18406919876808284,0.2353827506303787,0.23782167,0.002438917756080655,0.010361453369440396
CHAO PHRAYA,-0.0216435566544532,0.122406445,0.1440500020980834,6.655868084256279,0.3477083444595337,0.23374073,-0.11396761238574982,-0.32776689554575184
CHELIF,0.1149575188755989,0.13225287,0.017295353114604964,0.150448642551849,0.268798828125,0.2531864,-0.015612423419952393,-0.05808196950443044
CHERGUI,-0.0006311333272606,0.13114907,0.1317802018020302,209.1306650529385,0.3297690451145172,0.24533945,-0.08442959189414978,-0.2560256552860356
CHEW BAHIR (also LAKE STEFANIE),-0.3952204883098602,0.13062668,0.5258471667766571,1.330519324908346,0.6223944425582886,0.2345479,-0.38784654438495636,-0.6231513244871386
CHICO,0.0914889499545097,0.13192266,0.0404337123036385,0.44194703706519467,0.2684584856033325,0.2401697,-0.02828878164291382,-0.10537449097519487
"CHILOANGO (also SHILOANGO, also LOUANGO)",-19.68216896057129,0.1310932,19.813262164592743,1.006660557123792,15.264122009277344,0.23540093,-15.028721079230309,-0.9845780900806447
CHIRA,0.0677761733531951,0.12920436,0.06142818927764902,0.9063256290954959,0.2901739478111267,0.23349956,-0.05667439103126526,-0.19531110958673908
CHOLUTECA,0.0305690672248601,0.13390404,0.10333497263491162,3.380266450669688,0.3285592794418335,0.25256792,-0.07599136233329773,-0.23128590729954876
CHUBUT,-0.1086705401539802,0.12522572,0.2338962629437446,2.1523626824252995,0.4045057892799377,0.24675137,-0.1577544212341308,-0.3899920234094201
CHURCHILL,-0.6346779465675354,0.12992522,0.7646031677722931,1.2047123688790426,0.8083682656288147,0.23945248,-0.5689157843589783,-0.7037820567267977
CHUY (also SHU),0.1073215007781982,0.12327912,0.015957616269588512,0.1486884498020399,0.2473000288009643,0.23879983,-0.008500203490257208,-0.03437188891396987
CISNES,-0.3134274184703827,0.110533334,0.42396075278520584,1.3526643824546274,0.5614893436431885,0.24099533,-0.32049401104450226,-0.5707916701915132
CLUTHA,-0.3257008194923401,0.13400994,0.4597107619047165,1.4114553782106964,0.5726034045219421,0.23557177,-0.33703163266181946,-0.5885942022105148
COCO,0.0125296898186206,0.11573984,0.10321014747023591,8.236589442734882,0.3326755464076996,0.2367048,-0.0959707498550415,-0.2884806605435541
COIG,0.1255091875791549,0.12666439,0.0011551976203919012,0.009204014771018952,0.2368005961179733,0.23925734,0.002456739544868497,0.010374674770538972
COLORADO (also COLORADO RIVER),-0.4215092658996582,0.13653232,0.558041587471962,1.3239161188948216,0.6590677499771118,0.23988543,-0.41918231546878815,-0.6360221380293718
COLORADO,-0.1520498394966125,0.12549523,0.2775450646877288,1.825367859475917,0.4550988376140594,0.23645988,-0.2186389565467834,-0.4804197639204541
COLUMBIA,-0.9937511682510376,0.13064604,1.1243972033262253,1.1314686922822077,1.0699985027313232,0.24388365,-0.8261148482561111,-0.7720703104509279
COLVILLE,-0.9320663213729858,0.12693655,1.0590028762817383,1.136189548090649,1.0439121723175049,0.23455562,-0.8093565553426743,-0.7753102238818284
COMOE (also KOMOE),-3.576331615447998,0.1282651,3.7045967131853104,1.0358652796761199,3.035696029663086,0.23846756,-2.7972284704446793,-0.9214452045483363
CONCEPCION,0.0441051311790943,0.12864897,0.08454383537173273,1.9168272780135687,0.3145257532596588,0.23586914,-0.07865661382675171,-0.2500792476683738
CONGO,-12.469170570373535,0.12407473,12.593245297670364,1.0099506006872847,9.77677059173584,0.23602512,-9.540745466947556,-0.975858480217765
CONNECTICUT,-0.0322064831852912,0.13092528,0.1631317660212516,5.065341360745573,0.3666180372238159,0.24030608,-0.12631195783615112,-0.34453191190679877
COPIAPO,0.0740395039319992,0.14393929,0.069899782538414,0.9440749161109417,0.3050592541694641,0.23893766,-0.06612159311771393,-0.2167492887519287
COPPENAME RIVIER,0.0693850964307785,0.1321988,0.06281369924545288,0.9052778939382701,0.29055917263031,0.23898335,-0.05157582461833948,-0.1775047975482904
COPPER,0.1219023838639259,0.11954811,-0.002354271709918948,-0.01931260343475693,0.2354751229286193,0.23335946,-0.002115666866302407,-0.00898463436542879
COPPERMINE,-0.3005937933921814,0.12104385,0.4216376468539238,1.4026871439456499,0.5540942549705505,0.2457911,-0.3083031475543976,-0.5564082074133327
CORUBAL (also KOLIBA),-3.856647729873657,0.12623857,3.982886299490928,1.0327329876079698,3.2510664463043213,0.23819505,-3.0128713995218277,-0.9267329728722592
COSAPILLA,0.0751093849539756,0.12955624,0.05444685369730004,0.7248911549403285,0.273423284292221,0.2342185,-0.039204791188239996,-0.14338445207866046
COURANTYNE,-0.0659241154789924,0.13552788,0.2014519944787025,3.055862773095104,0.386331558227539,0.238897,-0.14743456244468683,-0.3816260351472941
CROSS,-1.76449716091156,0.12233816,1.8868353217840195,1.069333764268015,1.654062032699585,0.23713468,-1.4169273525476456,-0.8566344356509125
CUANZA,-18.256053924560547,0.12685098,18.382904902100563,1.0069484887047713,14.161944389343262,0.24261011,-13.919334277510643,-0.9828688004957864
CUVELAI,-16.138696670532227,0.09543576,16.234132431447506,1.0059135361905076,12.5770845413208,0.24260195,-12.334482595324516,-0.9807107182980321
CUYUNI,-1.3671804666519165,0.12861529,1.4957957565784454,1.0940741819663933,1.3601866960525513,0.23996067,-1.1202260255813599,-0.8235819430159583
DALING HE,-0.2549928426742553,0.12883408,0.3838269263505935,1.5052517850185554,0.5262921452522278,0.24469326,-0.28159888088703156,-0.5350608941563818
DALY,0.1231899783015251,0.14092214,0.017732165753841414,0.1439404573153056,0.2571550011634826,0.23721528,-0.019939720630645696,-0.07753939453261818
DAMODAR,-6.136614799499512,0.13782014,6.274434939026833,1.02245882567004,4.972612380981445,0.23569062,-4.7369217574596405,-0.9526020614385093
DANUBE,-0.3015457093715668,0.12557322,0.4271189272403717,1.4164364817758117,0.5581334233283997,0.24359289,-0.3145405352115631,-0.5635569534231921
DAOURA,0.0426063723862171,0.12760888,0.08500250801444055,1.9950187785327425,0.3069713413715362,0.23266076,-0.07431058585643763,-0.24207583499028565
DASHT KAUR,-0.1062458455562591,0.12783457,0.23408041894435877,2.2032167087146624,0.4353158175945282,0.22882263,-0.20649318397045135,-0.4743514967133375
"DAUGAVA (also ZAPADNAYA DVINA, also ZAKHODNAYA DZVINA)",-3.0995190143585205,0.12266025,3.222179263830185,1.0395742979725997,2.66286563873291,0.23663217,-2.426233470439911,-0.9111359296590241
DE CONTAS,0.1159200817346572,0.13202418,0.016104102134704673,0.13892298013200813,0.2570423781871795,0.23402883,-0.023013547062873785,-0.08953176395820349
DE GREY RIVER,-13.536033630371094,0.12706439,13.663098022341728,1.0093871960448393,10.576589584350586,0.24116676,-10.335422828793526,-0.9771979681321977
DEAD SEA,-0.3735573589801788,0.13500448,0.508561834692955,1.3614059096232376,0.6263229846954346,0.23917475,-0.3871482312679291,-0.6181277433534489
DELAWARE,-2.2226483821868896,0.12934782,2.351996198296547,1.0581958331070895,2.014251470565796,0.23873277,-1.7755187004804611,-0.8814777325216459
DESEADO,0.1121263206005096,0.1168994,0.0047730803489685475,0.042568397455729934,0.2447191923856735,0.22760333,-0.01711586117744443,-0.06994053498646413
DIGUL (also UWIMBU),0.0609950236976146,0.13077009,0.06977506354451186,1.1439280680068427,0.2934967279434204,0.24344334,-0.05005338788032532,-0.1705409722625671
DJERID,-1.0740033388137815,0.13613781,1.2101411521434782,1.1267583955916332,1.140427827835083,0.23874547,-0.9016823619604111,-0.7906520248809451
DNIEPER,-2.591510057449341,0.12952098,2.721031039953232,1.0499793670917636,2.2817163467407227,0.24460784,-2.0371085107326508,-0.8927961711131841
DNIESTR,-2.565277099609375,0.13300496,2.6982820630073547,1.0518485957196706,2.263288974761963,0.24573061,-2.017558366060257,-0.8914272534929819
DOCE,0.1138970032334327,0.13282996,0.01893296092748649,0.166227329628278,0.2715950012207031,0.2381041,-0.033490896224975586,-0.12331144815994682
DON,-0.8823146820068359,0.13214096,1.014455646276474,1.1497675565554861,0.9964708089828492,0.24422503,-0.7522457838058473,-0.754909247832815
DONG NAI,0.1228232085704803,0.13582681,0.013003602623939556,0.1058716581632007,0.2377300709486007,0.23715127,-0.000578805804252569,-0.002434708269066399
DONG,0.1338827311992645,0.13477255,0.0008898228406906405,0.006646235750378675,0.233585700392723,0.23437284,0.0007871389389038919,0.003369793475315574
DORDOGNE,-0.8809105753898621,0.13102087,1.011931449174881,1.1487347594411526,0.9839418530464172,0.23732314,-0.7466187179088593,-0.7588029280330956
DOURO (also DUERO),-0.0736806169152259,0.123927355,0.19760797172784797,2.6819896736869744,0.3973292112350464,0.25390399,-0.14342522621154785,-0.3609723654431669
DRAA,-0.2807042896747589,0.1307207,0.41142499446868896,1.4656935262333144,0.5487607717514038,0.24028063,-0.3084801435470581,-0.5621385443131844
DRAMSELVA,-0.8980331420898438,0.13930593,1.0373390763998032,1.1551246640078752,0.9941840767860411,0.23937204,-0.7548120319843291,-0.7592268779817668
DRYSDALE,-0.7002437114715576,0.116633974,0.8168776854872704,1.1665636387283558,0.8485244512557983,0.22701001,-0.6215144395828247,-0.7324641101371767
DURACK,-1.9158557653427124,0.12465125,2.0405070185661316,1.0650635191551803,1.7713805437088013,0.22125435,-1.5501261949539185,-0.8750944710129287
EASTMAIN,-0.0579631030559539,0.12950638,0.18746948242187492,3.234345762797817,0.3862293362617492,0.24177867,-0.14445066452026362,-0.3740013431321176
EBRO,-0.3319835066795349,0.123224944,0.4552084505558014,1.37118203940552,0.5935291647911072,0.24092299,-0.3526061773300171,-0.5940829940027004
EEL,0.136616975069046,0.12682417,-0.00979280471801755,-0.07168020689128439,0.2348795384168625,0.22792694,-0.006952598690986633,-0.02960057371227268
ELBE,-0.3541222214698791,0.13426441,0.48838663101196284,1.3791509839053915,0.6060017943382263,0.23751657,-0.368485227227211,-0.608058627237203
ELLICE,-0.2932199537754059,0.12193836,0.41515831649303436,1.415864531086995,0.5400384068489075,0.24228784,-0.2977505624294281,-0.5513496953246098
ESMERALDAS,-0.5078097581863403,0.11763551,0.625445269048214,1.2316551437238248,0.7182554602622986,0.23878257,-0.47947289049625397,-0.6675511005096373
ESSEQUIBO,-0.6638910174369812,0.13079512,0.7946861386299133,1.197014743041151,0.825558066368103,0.23549055,-0.590067520737648,-0.7147490043729309
FERGUSON,-0.2395478934049606,0.12893452,0.36848241090774536,1.538247504152833,0.5099026560783386,0.23257475,-0.27732791006565094,-0.5438829605548933
FEUILLES,-0.3035480678081512,0.12196649,0.42551455646753306,1.4018075006953061,0.5606225728988647,0.23927498,-0.32134759426116943,-0.5731967219993082
FITZROY,-0.4185143709182739,0.12158415,0.5400985181331635,1.2905167568436715,0.6508586406707764,0.23421052,-0.41664811968803406,-0.6401504927523793
FLINDERS,-1.874089002609253,0.12627581,2.000364810228348,1.0673804044651491,1.7464025020599363,0.24131685,-1.5050856471061704,-0.861820103619167
FORTESCUE,-24.59919548034668,0.12569042,24.724885895848274,1.0051095744457004,18.96737670898437,0.23456603,-18.732810676097866,-0.9876331332414287
FRASER,0.0248084757477045,0.13809295,0.11328447423875332,4.566177673030232,0.3208666145801544,0.2366509,-0.08421571552753448,-0.2624624976183035
FUERTE NUEVO,0.0849330201745033,0.11960861,0.03467559069395068,0.4082650347023146,0.2973673045635223,0.21575321,-0.08161409199237818,-0.274454576159929
GALANA,-0.3858261108398437,0.12169435,0.5075204595923424,1.3154158330638424,0.6272096633911133,0.23474452,-0.39246514439582825,-0.625730982113575
GALLEGOS,0.0061520338058471,0.12920278,0.12305074930191047,19.998386679588513,0.3343709111213684,0.244807,-0.08956390619277954,-0.26785714712821723
GAMBIA,-3.138582468032837,0.1435949,3.282177373766899,1.0457518491065532,2.700647115707397,0.2414843,-2.459162816405296,-0.9105824642990012
GANGES,-2.959592580795288,0.120606564,3.080199144780636,1.0407514215028746,2.5792152881622314,0.23497993,-2.344235360622406,-0.9088944464958941
GARONNE (also RIO GARONA),-0.4314304292201996,0.13294849,0.5643789172172546,1.3081604521911234,0.6510841846466064,0.2395283,-0.4115558862686157,-0.6321075889508966
GASCOYNE,-24.34618377685547,0.12057437,24.466758146882057,1.0049525369595604,18.77926254272461,0.22717221,-18.55209033191204,-0.9879029755189426
GEBA (also KAYANGA),-7.736733913421631,0.14241922,7.87915313243866,1.0184083153200183,6.172014236450195,0.22306369,-5.948950543999672,-0.963858693813138
GEORGE,0.1153984889388084,0.12677963,0.011381141841411632,0.09862384960341188,0.2438049018383026,0.24126723,-0.002537667751312256,-0.010408557513079779
GILBERT,-0.212143987417221,0.12412641,0.3362703993916511,1.5851120203672302,0.497187852859497,0.23740043,-0.25978742539882654,-0.522512570233028
GLOMAA,-2.019963264465332,0.13832077,2.1582840383052826,1.06847740488685,1.841138243675232,0.24117406,-1.5999641865491867,-0.8690077038146131
GODAVARI,-1.5353872776031494,0.12712231,1.6625095903873444,1.0827956551641478,1.493185043334961,0.246213,-1.2469720393419266,-0.8351082873483555
GONO,-14.146434783935549,0.11942164,14.265856422483923,1.0084418900460967,11.032172203063965,0.23044175,-10.801730453968048,-0.979111753880739
GOTA,-5.426936149597168,0.11407899,5.541015140712261,1.0210210713727732,4.427505970001221,0.23637718,-4.191128790378571,-0.9466114494625889
GOURITZ,-0.6441228985786438,0.123284906,0.7674078047275543,1.1914015133175262,0.8213748931884766,0.24160089,-0.5797740072011948,-0.705857101491725
GRANDE DE MATAGALPA,-0.0421843975782394,0.13366844,0.1758528351783752,4.168768882407189,0.3740554451942444,0.23126137,-0.14279407262802124,-0.3817447191796668
GREAT FISH (also GROOT-VIS),-0.9625446200370787,0.12820886,1.0907534807920456,1.1331990136197962,1.04518461227417,0.2366588,-0.8085258156061172,-0.7735715131467263
GREAT KEI (also GROOT-KEI),-0.9095290899276732,0.12570706,1.0352361500263214,1.1382123999146025,1.0005050897598269,0.22910878,-0.7713963091373446,-0.7710061108398847
GREAT SALT LAKE,-0.5129815340042114,0.12654108,0.6395226120948792,1.2466800779025835,0.7146500945091248,0.24721645,-0.4674336463212967,-0.6540725256180636
GREAT SCARCIES (also KOLENTE),-0.9081015586853028,0.13447851,1.0425800681114197,1.1480887861370868,0.9809250831604004,0.25283527,-0.7280898094177246,-0.7422473741058304
GUADALQUIVIR,0.0983497723937034,0.12614459,0.02779481559991842,0.2826090220080254,0.2633325457572937,0.23722266,-0.026109889149665833,-0.09915139780075913
GUADIANA,-0.079876035451889,0.12766041,0.20753644406795496,2.5982641872248062,0.3998477458953857,0.24156946,-0.1582782864570617,-0.395845399246226
GUAYAS,0.0831429064273834,0.13156919,0.04842628538608554,0.5824393809109788,0.2904517948627472,0.23187062,-0.05858117341995239,-0.2016891366035393
GUIR,-0.0269714593887329,0.13215525,0.15912671387195587,5.900037206575435,0.3609960973262787,0.23617135,-0.12482474744319916,-0.3457777039419773
GURUPI,-15.683539390563965,0.13562708,15.819166466593742,1.0086477982616078,12.2160005569458,0.23034886,-11.985651701688766,-0.981143596439208
HAI HE,-1.1377284526824951,0.13352059,1.2712490409612656,1.117358149321226,1.1834968328475952,0.23904756,-0.9444492757320404,-0.7980152134791968
HAMUN-I-LORA,-7.28741455078125,0.14118597,7.428600519895554,1.0193740849384303,5.835720539093018,0.24510486,-5.590615674853325,-0.957999047316129
HAMUN-I-MASHKEL,-4.018123626708984,0.111845456,4.129969082772732,1.027835500917839,3.3570988178253174,0.23305537,-3.1240434497594833,-0.93057806418851
HAMUN,-5.476893424987793,0.12391877,5.600812196731567,1.022625927648022,4.469887733459473,0.2363569,-4.233530834317207,-0.9471221962701214
HAN-GANG,-0.2783357501029968,0.11889044,0.3972261920571327,1.4271527069837326,0.53347247838974,0.23797056,-0.2955019176006317,-0.5539205407035187
HANJIANG XIXI,0.1057653725147247,0.10018471,-0.005580663681030246,-0.05276406430837278,0.2503919601440429,0.24635486,-0.004037097096443121,-0.01612304552859917
HAR US NUUR,-0.8673009276390076,0.1378595,1.0051604211330414,1.1589536550168085,0.9783743023872375,0.23855071,-0.7398235946893692,-0.7561756647824186
HARI,-0.4509803354740143,0.12671816,0.5776984989643097,1.2809866295915837,0.6631377935409546,0.22839224,-0.43474555015563965,-0.6555875698874949
HAYES,-1.926910400390625,0.124935135,2.051845535635948,1.064837576286667,1.7766461372375488,0.24222954,-1.534416601061821,-0.8636586122822542
HINGOL,-2.277491807937622,0.12073898,2.398230791091919,1.0530144766044667,2.049105405807495,0.23799789,-1.8111075162887573,-0.8838523520085579
HODNA,0.0158163048326969,0.12541103,0.10959472879767419,6.928786538344026,0.3200685977935791,0.23607028,-0.08399832248687744,-0.2624376793857506
HONDO,0.0281717907637357,0.11045439,0.08228259719908244,2.9206406241087564,0.3220763206481933,0.22158755,-0.10048876702785486,-0.3120019963703662
HORNADAY,-0.3651926815509796,0.13707967,0.5022723525762558,1.3753663567666454,0.6040882468223572,0.244675,-0.3594132512807846,-0.5949671396592103
HORTON,-0.3251670897006988,0.13442066,0.4595877528190612,1.4133938543286961,0.5616381168365479,0.23803405,-0.3236040621995926,-0.5761779272467771
HUAI HE,0.0036779372021555,0.12556738,0.12188943941146144,33.13169883412146,0.3324109315872192,0.23718376,-0.09522716701030726,-0.2864733722270775
HUASCO,0.0043067587539553,0.14328721,0.13898045290261513,32.26282176897812,0.3383184373378753,0.23759599,-0.10072244703769678,-0.2977140415881768
HUDSON,-2.406294345855713,0.13180247,2.5380968153476715,1.0547744811408635,2.167989492416382,0.23738128,-1.9306082129478455,-0.8905058484809327
IIJOKI,-3.130462884902954,0.11837125,3.2488341331481934,1.0378130297053303,2.7022604942321777,0.22962654,-2.472633957862854,-0.9150239394449979
INCOMATI (also KOMATI),-8.70783805847168,0.12437089,8.832208946347237,1.0142827532302705,6.910279750823975,0.23707548,-6.673204272985458,-0.965692207540157
INDIGIRKA,-0.7556286454200745,0.10680552,0.8624341636896133,1.1413480818454733,0.9153257608413696,0.25357196,-0.6617538034915924,-0.7229700166127639
INDUS,-3.852480173110962,0.12793477,3.980414941906929,1.0332086853808107,3.2358758449554443,0.23874456,-2.9971312880516052,-0.9262192078551967
IRRAWADDY,-1.04958975315094,0.13382058,1.183410331606865,1.1274990590878409,1.1247000694274902,0.23752484,-0.8871752321720123,-0.7888098058123246
ISHIKARI,0.0328144803643226,0.14009672,0.1072822436690331,3.2692571456510415,0.3234081566333771,0.24245228,-0.0809558779001236,-0.25032030243935477
ITAPECURU,-0.9773960113525392,0.13373396,1.1111299693584442,1.1368279523146327,1.060495376586914,0.23366778,-0.8268276005983353,-0.7796609388326108
ITAPICURU,0.1218116655945777,0.14448658,0.02267491072416314,0.1861457559727884,0.2541238665580749,0.24669568,-0.00742818415164942,-0.029230449787375944
JACUI,-5.216458797454834,0.12565626,5.342115059494972,1.024088618545222,4.267961025238037,0.23425058,-4.033710449934006,-0.945113950424391
JAGUARIBE,-0.3974186480045318,0.13325001,0.5306686609983444,1.3352921382904794,0.6254763603210449,0.24077998,-0.3846963793039322,-0.6150444503802268
JAMES,-6.353516101837158,0.13881697,6.492333069443703,1.0218490025413498,5.129604816436768,0.23805201,-4.891552805900574,-0.9535923384651893
JEQUITINHONHA,0.0860033631324768,0.123070054,0.03706669062376022,0.4309861648142729,0.286604642868042,0.23786096,-0.048743680119514465,-0.17007229736211743
JOKULSA A FJOLLUM,-1.2984251976013184,0.1278806,1.4263058006763458,1.098489848934788,1.3036857843399048,0.236763,-1.0669227838516235,-0.8183888926908454
JUBBA (also GENALE WENZ),-1.4171998500823977,0.13112779,1.5483276396989825,1.0925267400611853,1.3981629610061646,0.2379356,-1.160227358341217,-0.8298221029143674
KALIXALVEN,-2.3527543544769287,0.10815216,2.4609065130352974,1.045968761813715,2.1012654304504395,0.24369916,-1.8575662672519684,-0.8840222450295224
KAMCHATKA,-1.3239614963531494,0.1217345,1.4456959962844849,1.0919479850544302,1.3160665035247805,0.23792054,-1.0781459659338,-0.8192178311874102
KAPUAS,-5.477573871612549,0.1276263,5.605200171470642,1.0232999729715182,4.4829535484313965,0.24051526,-4.2424382865428925,-0.9463487172822973
KARNAPHULI,0.0784274488687515,0.13842706,0.05999961495399478,0.7650236083898966,0.2701554000377655,0.24008185,-0.030073553323745728,-0.11131904822370194
KELANTAN,-2.0453689098358154,0.12047344,2.1658423468470573,1.05890110841766,1.8671635389328003,0.2284463,-1.638717234134674,-0.8776501481070876
KEM,-2.730177879333496,0.1117614,2.841939277946949,1.0409359552706845,2.390939712524414,0.23041344,-2.1605262756347656,-0.9036302173104195
KEMIJOKI,-4.412167549133301,0.11442864,4.526596188545227,1.0259350226555715,3.670593738555908,0.24623415,-3.4243595898151398,-0.9329168251252813
KHATANGA,-3.2402760982513428,0.122288026,3.3625641241669655,1.0377403221046317,2.7938661575317383,0.23156834,-2.562297821044922,-0.9171151227206529
KINABATANGAN,-5.417398929595947,0.1346898,5.552088722586632,1.0248626360369157,4.429403305053711,0.22468065,-4.204722657799721,-0.9492749742899648
KISO,-9.362236976623535,0.12102352,9.483260497450829,1.012926882117635,7.414361000061035,0.24931496,-7.165046036243439,-0.9663739154069434
KITAKAMI,0.0077231926843523,0.13992913,0.13220593798905622,17.115826001710126,0.3429978489875793,0.23957834,-0.10341951251029963,-0.3015156255350719
KIZILIRMAK,0.0871769487857818,0.12556377,0.03838682174682623,0.44032719605679554,0.2809093296527862,0.2339255,-0.046983823180198614,-0.16725559091498013
KLAMATH,-0.4476620256900787,0.1320598,0.5797218233346939,1.2950017760448116,0.6733534336090088,0.25182953,-0.42152389883995056,-0.6260059751603468
KOBUK,-0.2681291401386261,0.12636879,0.39449793100357056,1.471303723658432,0.5285629034042358,0.23699614,-0.29156675934791565,-0.5516206412698046
KOKEMAENJOKI,-0.0924456939101219,0.13455229,0.2269979789853096,2.4555003579329853,0.4032171666622162,0.23896755,-0.16424961388111115,-0.40734676029293665
KOLOK,-0.6008507013320923,0.13426793,0.7351186275482178,1.2234650794008042,0.7852055430412292,0.24800652,-0.5371990203857422,-0.6841499541064512
KOLYMA,-5.274742126464844,0.113425314,5.388167440891266,1.0215036741532832,4.324933052062988,0.24732956,-4.077603489160538,-0.9428128706877104
KOUILOU,-13.460577964782717,0.11939619,13.579974152147772,1.0088701389009873,10.534391403198242,0.22851698,-10.305874422192574,-0.978307436038144
KOVDA,-2.901782989501953,0.11229815,3.0140811428427696,1.03870006559662,2.52443528175354,0.23174156,-2.292693719267845,-0.9082002726071103
KRISHNA,-0.053015012294054,0.1314095,0.18442450836300847,3.478787972886432,0.374886691570282,0.24965943,-0.12522725760936737,-0.33403939479802963
KUANTAN,-2.236213207244873,0.13422278,2.370435982942581,1.060022825768883,1.999916315078736,0.2364912,-1.7634251117706305,-0.8817490095590304
KUBAN,-1.1678317785263062,0.13625489,1.3040866702795029,1.116674345511889,1.2170169353485107,0.23770736,-0.9793095737695694,-0.8046796561704984
KUNENE (also CUNENE),-20.92617988586425,0.12355692,21.049736805260174,1.0059044663657821,16.182992935180664,0.23425122,-15.948741719126701,-0.9855247912103139
KURA,0.1084729880094528,0.1320779,0.023604914546012892,0.21760898607282583,0.2584201693534851,0.23716596,-0.02125421166419983,-0.08224640309992155
KUSKOKWIM,0.0904653817415237,0.12286517,0.03239978849887852,0.3581417524959678,0.2709768414497375,0.23868643,-0.03229041397571558,-0.11916256252895495
KYMIJOKI,-0.5106384754180908,0.124679595,0.6353180706501007,1.2441665589270081,0.709073007106781,0.2354975,-0.47357550263404846,-0.6678788079771364
LA GRANDE,0.0162689927965402,0.13272457,0.1164555754512549,7.157690658352292,0.3261155486106872,0.23867019,-0.08744536340236658,-0.2681414475128568
LAKE BALKHASH,0.1055310443043708,0.12707807,0.021547026932239616,0.20417520644340637,0.2613394260406494,0.24275139,-0.01858803629875183,-0.07112575953274299
LAKE EYRE,-2.5370118618011475,0.12977615,2.666788011789322,1.0511535649855435,2.23758316040039,0.23884891,-1.9987342506647106,-0.893255452034957
LAKE GAIRDNER,-0.7807987332344055,0.1340306,0.9148293286561966,1.171659816258141,0.9203676581382751,0.23689894,-0.6834687143564224,-0.7426032039584499
LAKE NATRON,0.0928863137960434,0.12781948,0.03493316471576691,0.3760811168731947,0.2591783106327057,0.24016765,-0.01901066303253174,-0.07334946213925456
LAKE TORRENS,-0.9555227160453796,0.13336477,1.088887482881546,1.1395737685461798,1.0434004068374634,0.23099603,-0.8124043792486191,-0.7786115429065854
LAKE TURKANA,-1.8946033716201784,0.13015027,2.0247536450624466,1.0686958252516958,1.7510217428207395,0.23726965,-1.5137520879507063,-0.8644959605220138
LAKE URMIA,0.1320385783910751,0.12882565,-0.0032129287719726285,-0.024333073545998226,0.2385576069355011,0.23219195,-0.006365656852722168,-0.026683828072668305
LAM (also XONGKA),0.1245907396078109,0.11878731,-0.00580342859029763,-0.046579561442561326,0.2326159924268722,0.22573169,-0.006884306669235174,-0.02959502913958185
LAUCA,-0.5568889379501343,0.11943747,0.6763264089822769,1.2144748752716523,0.7519310116767883,0.22595116,-0.5259798467159271,-0.6995045277338386
LEICHHARDT,-0.2818320989608764,0.11937089,0.40120299160480494,1.42355826977242,0.5547484159469604,0.23631682,-0.3184316009283066,-0.5740097993338884
LEMPA,0.0053229634650051,0.13648471,0.13116174889728432,24.636109875550897,0.3377625644207001,0.23406745,-0.1036951094865799,-0.3070050189233048
LENA,-1.5325692892074585,0.11915217,1.6517214626073837,1.077747382768531,1.4897667169570925,0.23501958,-1.2547471374273302,-0.8422434740297631
LIAO HE,-0.4199194312095642,0.12999152,0.5499109476804733,1.3095661128673703,0.6475870609283447,0.24035795,-0.40722911059856415,-0.628839744226884
LIMARI,-0.6988013982772827,0.1275519,0.8263532966375351,1.1825312330598297,0.8422842025756836,0.23666628,-0.6056179255247116,-0.719017648265397
LIMPOPO,-4.733379364013672,0.12393633,4.857315696775913,1.0261836944421128,3.918325424194336,0.23551838,-3.682807043194771,-0.9398928635589641
LITTLE MECATINA,-0.0931150466203689,0.13080391,0.2239189594984054,2.4047817448138122,0.4015088081359863,0.24180463,-0.159704178571701,-0.3977590966286214
LITTLE SCARCIES (also KABA),-2.2342405319213867,0.14031586,2.374556392431259,1.0628029620392598,2.0045974254608154,0.23971635,-1.7648810744285583,-0.8804162729115428
LOA,-1.6337060928344729,0.13139948,1.765105575323105,1.0804309682726474,1.5559937953948977,0.2411387,-1.3148550987243655,-0.8450253835140027
LOFFA (also LOFA RIVER),-0.9779138565063475,0.15306601,1.1309798657894135,1.156524181336471,1.0580744743347168,0.2459058,-0.8121686726808548,-0.767590490831025
LOIRE,-1.0047341585159302,0.1243934,1.129127562046051,1.1238083987532184,1.0873225927352903,0.23713437,-0.850188225507736,-0.7819091126027972
LORENTZ,0.1294152289628982,0.14235705,0.012941822409629877,0.10000154164081008,0.2327118664979934,0.23737593,0.004664063453674372,0.02004213829627073
LUAN HE,-0.4088369011878967,0.12909642,0.5379333198070526,1.3157683027445872,0.6323307752609253,0.23929974,-0.3930310308933258,-0.6215582488024511
LULEALVEN,-4.170354843139648,0.12977056,4.300125405192375,1.0311176381990235,3.4616639614105225,0.24464427,-3.2170196920633316,-0.9293272826589476
LURIO,-0.5082748532295227,0.12371411,0.6319889649748802,1.2434024708516556,0.7051383852958679,0.23545046,-0.46968792378902435,-0.6660923125035045
MA,0.1270099133253097,0.12759791,0.000587999820709284,0.004629522025428284,0.2272758334875106,0.22729091,1.5079975128257095e-05,6.635069178348869e-05
MAAS (also MEUSE),0.0942786559462547,0.13146724,0.037188582122325925,0.394449701253956,0.2721398770809173,0.2402463,-0.031893581151962225,-0.11719511414111859
MACKENZIE,-0.1534691900014877,0.13164686,0.285116046667099,1.8578185268512981,0.4493849575519562,0.24368432,-0.20570063591003418,-0.45773712429866464
MAE KLONG,-0.0154227884486317,0.13756448,0.15298726875334973,9.920202787305355,0.342372328042984,0.2408752,-0.10149712860584259,-0.296451622519789
MAGDALENA,-1.1767940521240234,0.11368221,1.2904762625694275,1.0966042502037332,1.2067283391952517,0.23698536,-0.9697429835796358,-0.8036126677970239
MAHAKAM,-2.5158369541168213,0.11165236,2.627489313483238,1.0443802224798129,2.225856065750122,0.24772838,-1.9781276881694794,-0.8887038249703796
MAHANADI,-2.0344133377075195,0.12188166,2.156294994056225,1.0599104980291503,1.8647397756576536,0.22983758,-1.6349021941423414,-0.8767450229460162
MAHI,-0.5254655480384827,0.12370141,0.6491669565439224,1.2354153271942152,0.714772641658783,0.22918643,-0.4855862110853195,-0.6793566281465196
MAJES,0.1155729070305824,0.12715577,0.011582858860492734,0.10022036252030274,0.2343719005584716,0.23362537,-0.0007465332746504905,-0.0031852371706439864
MAMBERAMO,0.0732148736715316,0.13122451,0.05800963938236245,0.7923095972686349,0.2978175282478332,0.24243279,-0.05538474023342127,-0.1859680811642861
MANGOKY,-20.00831413269043,0.122762226,20.131076358258724,1.0061356109710078,15.491012573242188,0.23817836,-15.252834215760231,-0.9846246756962781
MANICOUAGAN,-0.0592897124588489,0.1308872,0.1901769079267978,3.207641050710888,0.3756353259086609,0.23792183,-0.1377134919166565,-0.36661388267902156
MANO (also MANO RIVER),-4.493915557861328,0.122096494,4.616012051701546,1.027169518304844,3.71807861328125,0.2195206,-3.4985580146312714,-0.9409583383137274
"MAPUTO (also LUSUTFU, also USUTU)",-4.571771621704102,0.13283627,4.704607889056206,1.0290559781633555,3.779782056808472,0.23233871,-3.547443345189095,-0.9385309399699893
MAR CHIQUITA,0.0215034466236829,0.12509754,0.10359409637749203,4.817333744519778,0.3162081837654114,0.23823386,-0.07797431945800781,-0.24659093872445922
MARITSA RIVER,0.0251093357801437,0.12418879,0.09907945245504383,3.9457637413750595,0.3137718141078949,0.2351287,-0.07864311337471008,-0.2506371165338359
MARONI,-1.814103960990905,0.1341082,1.9482121616601937,1.0739259036300977,1.69687020778656,0.23409185,-1.4627783596515656,-0.8620444220747013
MBINI (also WOLEU),-2.8204312324523926,0.12585941,2.9462906420230865,1.044624542781637,2.448709011077881,0.22226238,-2.2264466285705566,-0.9092324605601266
MCARTHUR,0.1216036900877952,0.14250892,0.02090523391962057,0.1719114115132202,0.2619322538375854,0.2387258,-0.023206457495689337,-0.08859683585681244
MEARIM,-3.187371015548706,0.1327564,3.320127412676811,1.0416510779986274,2.73889708518982,0.23712817,-2.501768916845322,-0.9134216896836219
MEDJERDA (also MAJARDAH),-0.1814941465854644,0.110640556,0.29213470220565785,1.6096183668736648,0.460763931274414,0.22730558,-0.2334583550691604,-0.506675615315267
MEGHNA,-0.0965253487229347,0.13416836,0.2306937053799629,2.390005303658152,0.4145728945732116,0.23969936,-0.17487353086471552,-0.4218151049880777
MEKONG,-0.1757836788892746,0.12483188,0.300615556538105,1.7101545979252175,0.4551410675048828,0.237096,-0.21804507076740265,-0.4790703526104263
MELRHIR,-0.0920241251587867,0.13293715,0.22496127337217325,2.444616752408708,0.4032448828220367,0.2386301,-0.16461478173732752,-0.4082243334644944
MERIN (also MIRIM),-8.477775573730469,0.11631212,8.594087690114975,1.013719769896326,6.745177745819092,0.24071747,-6.504460275173187,-0.9643125142094847
MERRIMACK,0.1207118853926658,0.13297218,0.012260295450687478,0.10156575589098114,0.2714144885540008,0.24055655,-0.03085793554782862,-0.11369261095683245
MESSALO,0.1202538013458252,0.14283083,0.022577032446861267,0.18774329335869847,0.2482673823833465,0.23619816,-0.012069225311279241,-0.04861362206260876
MEZEN,-1.9798426628112795,0.12312751,2.10297017544508,1.0621910908062029,1.813628435134888,0.24237455,-1.5712538808584215,-0.8663588329671988
MIN JIANG,-0.868910014629364,0.13033743,0.9992474466562271,1.1500023936136277,0.9999056458473206,0.23682056,-0.7630850821733475,-0.7631563259855217
MINO (also MINHO),-1.0884830951690674,0.123218216,1.2117013111710548,1.1132027954790091,1.1422637701034546,0.23870714,-0.9035566300153732,-0.7910220586891937
MIRA,-0.295453816652298,0.14005402,0.4355078339576721,1.474035140000703,0.5549852848052979,0.2352535,-0.31973178684711456,-0.5761075464401502
MISSISSIPPI,-3.1063058376312256,0.13473389,3.2410397231578827,1.0433746501291232,2.68648648262024,0.2423478,-2.4441386759281167,-0.9097897130509796
MITCHELL,0.0977713391184806,0.12024587,0.022474527359008872,0.22986590646843605,0.2706961035728454,0.24422011,-0.02647599577903742,-0.09780671987098914
MOA (also MAKONA),-2.5314745903015137,0.13368024,2.665154829621315,1.052807676853496,2.2322943210601807,0.23967378,-1.9926205426454544,-0.8926330328458073
MOBILE RIVER,0.0560331866145134,0.13291825,0.07688506692647934,1.3721099844887434,0.2930377125740051,0.24455546,-0.0484822541475296,-0.1654465845883271
MOGAMI,0.1172460317611694,0.1375332,0.020287171006202726,0.17302929295069416,0.2496476918458938,0.2342866,-0.015361085534095709,-0.06153080723362247
MONO,-7.586724281311035,0.14002022,7.726744502782822,1.0184560865448609,6.067501068115234,0.24156642,-5.825934648513794,-0.9601866770065265
MOOSE,-0.4310851395130157,0.12935032,0.5604354590177536,1.3000604931808966,0.6534362435340881,0.24546094,-0.40797530114650726,-0.6243526906118632
MOTAGUA,-0.1859151870012283,0.12637515,0.31229034066200256,1.6797552983944108,0.4600611627101898,0.23787308,-0.2221880853176117,-0.48295231237604774
MOTALA STROM,-7.414009571075439,0.1341698,7.548179373145103,1.0180969310708798,5.932417869567871,0.23983642,-5.692581444978714,-0.9595717312175182
MOULOUYA,-0.1129301488399505,0.13692755,0.2498576939105987,2.212517286079177,0.4252842962741852,0.23903878,-0.18624551594257355,-0.43793076688571764
MUCURI,0.1183555796742439,0.13449238,0.016136802732944516,0.1363405632146374,0.2598671913146972,0.24034284,-0.019524350762367193,-0.07513174530361603
MURCHISON,-9.89005184173584,0.10040401,9.990455850958824,1.0101521226563646,7.832624912261963,0.22641319,-7.606211721897125,-0.9710934502807818
MURRAY,-7.699216842651367,0.12936184,7.828578680753708,1.0168020796852726,6.165643692016602,0.23921621,-5.926427483558655,-0.9612015903596115
NADYM,-0.0146239232271909,0.113954976,0.12857889942824832,8.792968234228269,0.3525711297988891,0.23244947,-0.1201216578483581,-0.34070094512824023
NAKDONG,-0.3028598725795746,0.12581153,0.4286714047193527,1.4154163656100962,0.5518742203712463,0.24211808,-0.3097561448812485,-0.561279313597149
NARMADA,-0.6444308757781982,0.12831685,0.7727477252483368,1.1991184057306234,0.826762855052948,0.24537748,-0.5813853740692139,-0.7032060854087295
NARVA,-0.6910771131515503,0.13177459,0.8228517025709152,1.1906817308710351,0.856889545917511,0.239723,-0.6171665489673615,-0.7202396524360455
NASS,-0.6977442502975464,0.13619845,0.8339426964521408,1.1951999479701358,0.836175799369812,0.23294906,-0.6032267361879349,-0.7214105158652562
NATASHQUAN,0.0929190292954444,0.1317463,0.0388272777199746,0.4178569250825472,0.276375412940979,0.23880196,-0.03757345676422119,-0.13595030185244178
NEGRO,-0.347272127866745,0.12614453,0.47341665625572205,1.3632479589186626,0.5836846232414246,0.23995927,-0.3437253534793854,-0.5888878187037568
NELSON,-3.192889213562012,0.1285903,3.321479514241219,1.0402742883803469,2.739765882492065,0.23914613,-2.500619754195213,-0.9127125998109276
"NEMAN (also NEMUNAS, also NYOMAN)",-3.955160856246948,0.11790482,4.073065675795078,1.0298106331560544,3.323235273361206,0.23757815,-3.0856571197509766,-0.9285097013671146
NESTOS (also MESTA),0.1220659017562866,0.1396782,0.01761229336261752,0.14428393863703898,0.2365405410528183,0.24959691,0.013056367635726929,0.055196933179747575
NEVA,-1.0785096883773804,0.11573244,1.1942421272397041,1.1073087682181262,1.148304104804993,0.23509198,-0.9132121205329897,-0.795269581848696
NIGER,-0.6021722555160522,0.13485052,0.7370227724313736,1.2239421355304572,0.8001556992530823,0.2495347,-0.5506210029125214,-0.6881414645737596
NILE,-0.7344388961791992,0.13160875,0.8660476505756378,1.1791979350209436,0.8897215127944946,0.23462006,-0.6551014482975006,-0.7362986086975793
NOATAK,-3.070352554321289,0.12736784,3.197720393538475,1.04148347085464,2.635502338409424,0.23570591,-2.399796426296234,-0.9105647453835352
NOTTAWAY,-0.0005469981697387,0.12668194,0.12722893693717185,233.02081213579928,0.3506642282009125,0.24321231,-0.1074519157409668,-0.30642306992412316
NTEM,-2.363408327102661,0.13171315,2.495121479034424,1.0557306184259119,2.1038403511047363,0.22885036,-1.8749899864196777,-0.8912221377506019
NUECES,-0.0005760204512625,0.12491131,0.12548732873983673,218.23107067639071,0.3496802151203155,0.2340089,-0.11567132174968714,-0.33079077956729214
NUSHAGAK,0.1148799061775207,0.12055517,0.005675263702869471,0.04940127904370567,0.2571848928928375,0.24140559,-0.015779301524162292,-0.061353682142811415
NYANGA,-2.781378507614136,0.12927704,2.9106555432081227,1.0464798594365858,2.41694974899292,0.24632925,-2.1706205010414124,-0.8980822227949217
NYONG,-0.8918812274932861,0.122632295,1.014513522386551,1.1374997349564944,0.9930534958839417,0.23375717,-0.759296327829361,-0.7646069082578324
OB,-1.549130916595459,0.12480034,1.6739312559366226,1.0805622162506814,1.5055385828018188,0.23941211,-1.2661264687776566,-0.8409785323753409
OCONA,0.1324769258499145,0.13680899,0.004332065582275446,0.03270028236389574,0.2360394299030304,0.24205081,0.00601138174533844,0.02546759361439912
ODER,-2.154626607894897,0.12944604,2.284072652459144,1.060078671714442,1.9498963356018064,0.24052295,-1.7093733847141264,-0.8766478898677782
OGOOUE,-5.527095794677734,0.122695304,5.649791099131107,1.0221990591823253,4.504432678222656,0.23442942,-4.270003259181976,-0.9479556286567015
OIAPOQUE (also OYAPOK),-0.9234411716461182,0.13502409,1.0584652572870255,1.146219635864674,1.0190600156784058,0.23832391,-0.7807361036539078,-0.7661328336990292
OKAVANGO (also CUBANGO),-7.902370929718018,0.12997292,8.032343849539757,1.0164474608222216,6.333569049835205,0.24593486,-6.087634190917015,-0.9611694736170813
OLENEK,-10.083088874816896,0.11728125,10.200370125472547,1.011631580733177,7.967588424682617,0.23895968,-7.7286287397146225,-0.9700084087882687
OLFUSA,-6.003342628479004,0.12727661,6.130619242787361,1.0212011280025395,4.875809192657471,0.24101305,-4.634796142578125,-0.9505694355284192
OLIFANTS,-0.5207709074020386,0.1376171,0.6583880037069321,1.2642589257728583,0.7074279189109802,0.24450205,-0.46292586624622345,-0.6543779224616008
OMOLOY,-0.2388791143894195,0.10807113,0.34695024788379664,1.4524153825084107,0.5272277593612671,0.23568955,-0.29153820872306824,-0.5529634025963684
ONEGA,0.0192179642617702,0.13190223,0.11268426850438124,5.86318112514156,0.3335630297660827,0.244842,-0.08872103691101069,-0.26597902949316143
ORANGE,-1.0960403680801392,0.121022314,1.2170626819133759,1.1104187653817812,1.1591590642929075,0.24240738,-0.9167516827583311,-0.7908758341476796
ORD,-1.1615056991577148,0.11100792,1.2725136205554008,1.0955733726072618,1.211679220199585,0.2432117,-0.9684675186872482,-0.7992764943606364
ORINOCO,-0.9789888858795166,0.12513503,1.1041239202022552,1.1278218414422128,1.0627797842025757,0.23872209,-0.8240576982498169,-0.7753788085923315
ORONTES,0.0385795682668685,0.12175379,0.08317422121763238,2.1558578567920987,0.3055793642997741,0.2332211,-0.0723582655191421,-0.23678964348690512
OUEME,-2.042335033416748,0.13150702,2.1738420575857162,1.0643910457433647,1.87860107421875,0.24117497,-1.637426108121872,-0.8716194507571938
OULUJOKI,-1.0034736394882202,0.13216521,1.1356388479471207,1.1317088311708292,1.0626131296157837,0.23593116,-0.8266819715499878,-0.7779700537662685
PAHANG,-3.666134834289551,0.12520397,3.791338801383972,1.0341517720720865,3.0925984382629395,0.24213162,-2.8504668176174164,-0.9217057929812194
PALENA (also CORCOVADO),-0.778293788433075,0.1213752,0.8996689915657043,1.1559518537708595,0.918757975101471,0.24062276,-0.6781352162361145,-0.7380991474518318
PALYAVAAM,-19.664419174194336,0.1308528,19.79527197778225,1.0066543440252727,15.224183082580566,0.2297972,-14.99438588321209,-0.9849057132965562
PANGANI,-0.1428653746843338,0.12500392,0.2678692936897278,1.874990138595425,0.444994568824768,0.23732904,-0.20766553282737726,-0.46666876565944543
PANUCO,-0.8370399475097656,0.12905006,0.9660900086164474,1.1541756945607078,0.9571635723114014,0.23602386,-0.7211397141218185,-0.7534124590303002
PAPALOAPAN,-0.1864188015460968,0.13372758,0.320146381855011,1.7173594967852155,0.4678436517715454,0.23037131,-0.23747234046459198,-0.5075880200091564
PARAGUACU,0.1008822470903396,0.12695006,0.026067808270454462,0.25839580923789146,0.27881920337677,0.235993,-0.04282620549201965,-0.15359792788813284
PARAIBA DO SUL,0.0554606467485427,0.13216484,0.0767041891813279,1.3830131934072687,0.3031260967254638,0.24275178,-0.06037431955337519,-0.1991716352829223
PARAIBA,0.0788713842630386,0.14116769,0.062296301126480144,0.7898366672766303,0.2912370562553406,0.24031441,-0.05092264711856842,-0.1748488771464757
PARANA,-0.60352623462677,0.12174449,0.7252707257866859,1.2017239448739958,0.796918511390686,0.23948883,-0.5574296861886978,-0.6994805350115472
PARNAIBA,-1.1366747617721558,0.12855737,1.2652321308851242,1.1131004985217012,1.182846188545227,0.23534891,-0.9474972784519196,-0.8010310102839555
PASCUA,-0.0046762032434344,0.12568052,0.13035672437399623,27.882579127883286,0.3450587391853332,0.24195242,-0.10310631990432734,-0.29880715770479516
PATIA,-0.421931505203247,0.13243917,0.5543706715106964,1.3138909480926295,0.6412740349769592,0.23627384,-0.4050001949071884,-0.6315545948576338
PATUCA,0.0502708964049816,0.1382814,0.08801050856709482,1.7506900447537836,0.3024897277355194,0.24497853,-0.05751119554042816,-0.19012548242706026
PEARL,0.1175308972597122,0.13409318,0.01656228303909303,0.1409173460587901,0.2326104342937469,0.2374774,0.0048669725656509955,0.020923187118587105
PECHORA,-3.378990173339844,0.12322624,3.5022164136171345,1.036468669757675,2.8882997035980225,0.23866452,-2.6496351808309555,-0.9173681872978959
PEE DEE,-4.1580891609191895,0.12580617,4.283895328640938,1.0302560125839029,3.4977223873138428,0.24246138,-3.2552610039711,-0.9306799433533972
PENNER,-0.0954810082912445,0.1407193,0.23620030283927917,2.4738194630104435,0.4119470417499542,0.2294607,-0.18248634040355682,-0.4429838763848842
PENOBSCOT,0.1183162555098533,0.12951782,0.011201567947864602,0.09467400084285889,0.2502477169036865,0.2371898,-0.013057917356491089,-0.05217975747510707
PERAK,-1.2302428483963013,0.12950873,1.359751582145691,1.105271767431919,1.252818584442139,0.23458031,-1.01823827624321,-0.8127573106997811
PINDARE,-12.405320167541504,0.14129701,12.546617180109024,1.0113901150513906,9.72094440460205,0.23887825,-9.48206615447998,-0.9754263355898511
PIVDENNY BUH (also SOUTHERN BUG),-3.78322172164917,0.12608466,3.90930637717247,1.0333275969868174,3.190089225769043,0.23736817,-2.952721059322357,-0.9255917075544586
PO,-0.3982719779014587,0.13168067,0.5299526453018188,1.3306333494200553,0.6293843388557434,0.24047777,-0.3889065682888031,-0.6179148834255597
PONOY,-1.4765312671661377,0.11818571,1.5947169736027718,1.0800435379245332,1.4353972673416138,0.23704472,-1.1983525454998016,-0.8348571771088832
POOPO,-0.3870550394058227,0.12560205,0.5126570910215378,1.3245103753691132,0.6279136538505554,0.23289776,-0.3950158953666687,-0.6290916973259284
POPIGAY,-0.2955805957317352,0.12236764,0.4179482385516166,1.4139955686621273,0.562892735004425,0.24137442,-0.32151831686496735,-0.5711883022866471
POTOMAC,-3.798570156097412,0.13752335,3.936093509197235,1.036204251508511,3.1961636543273926,0.24016882,-2.9559948295354843,-0.9248568672872549
PRA,-3.024876832962036,0.13986422,3.1647410541772842,1.0462383347082014,2.6025824546813965,0.24084127,-2.3617411851882935,-0.9074603086944674
PUELO,-1.156383991241455,0.14241457,1.2987985610961914,1.123156057234847,1.202344536781311,0.24886139,-0.9534831494092941,-0.7930192446688632
PULAU (also EILANDEN),0.1023739576339721,0.13567482,0.033300861716270516,0.3252832771402287,0.2912673950195312,0.24939774,-0.041869655251502935,-0.14374939391792008
PUNGWE  (also PUNGOE),-17.438701629638672,0.13158938,17.57029101252556,1.0075458823269916,13.542037963867188,0.23946442,-13.302573546767235,-0.9823168861248375
PUR,-0.0508297607302665,0.11563153,0.16646128892898554,3.274942897237793,0.3762238025665283,0.24221727,-0.134006530046463,-0.35618738884916146
PURARI,0.0507825203239917,0.12968288,0.07890036329627045,1.5536607701257663,0.2896797358989715,0.23762383,-0.05205591022968287,-0.17970097344629016
PYASINA,-2.660118579864502,0.118603066,2.778721645474434,1.044586023756128,2.3548741340637207,0.23447771,-2.1203964203596115,-0.9004283877678567
QIANTANG JIANG,-0.1732210665941238,0.120607525,0.2938285917043686,1.69627340227761,0.4525655508041382,0.2369763,-0.2155892550945282,-0.47637028125799546
QUOICH,-6.216125011444092,0.13235436,6.348479375243187,1.0212922656554833,5.029730796813965,0.23588525,-4.793845549225807,-0.9531016250732142
RAJANG,-0.7040842771530151,0.12647414,0.8305584192276001,1.1796309416493906,0.8621883988380432,0.23336554,-0.6288228631019592,-0.7293326314953678
RAPEL,-0.4423479735851288,0.12940823,0.5717561990022659,1.2925513977597782,0.6534568071365356,0.2519789,-0.4014779031276703,-0.6143899403191064
RED,0.1345746219158172,0.13173817,-0.0028364509344100397,-0.02107700409650985,0.2426806092262268,0.24280663,0.00012601912021636963,0.0005192775860444173
RHARSA,-0.2983356118202209,0.12577441,0.42411002516746515,1.4215917575900903,0.5588563680648804,0.24348299,-0.31537337601184845,-0.5643181857007122
RHINE,-0.4115908145904541,0.1310833,0.542674109339714,1.3184828440900396,0.6393834352493286,0.25246966,-0.3869137763977051,-0.6051348063342011
RHONE,-1.9370777606964111,0.13250811,2.0695858746767044,1.0684067439499165,1.786712646484375,0.24125838,-1.5454542636871338,-0.864970313921341
RIBEIRA DO IGUAPE,0.0636783689260482,0.13026297,0.06658460199832925,1.0456228307735735,0.284354418516159,0.24802597,-0.03632844984531397,-0.12775719216073086
RIO DE LA PLATA,-1.86400043964386,0.12938611,1.9933865517377856,1.069413707612834,1.7558213472366333,0.2435598,-1.5122615545988083,-0.8612839203116714
RIO GRANDE (also BRAVO),-2.059784173965454,0.13124156,2.191025733947754,1.0637166870965522,1.894003868103028,0.24142475,-1.6525791138410575,-0.8725316083776625
ROANOKE,-8.414782524108887,0.13316315,8.5479456782341,1.0158250281060404,6.698483943939209,0.2436835,-6.454800441861153,-0.9636209524814201
ROGUE,-1.907693862915039,0.12825522,2.03594908118248,1.0672310625891106,1.7614717483520508,0.2363175,-1.525154247879982,-0.8658403879973977
ROPER,0.1201915591955185,0.13933143,0.01913987100124359,0.15924339351247663,0.2513510882854461,0.2398215,-0.011529594659805242,-0.04587029588038173
RUFIJI,0.0002174907276639,0.13004242,0.12982492810988341,594.1896459312935,0.3539942502975464,0.24700436,-0.10698989033699036,-0.30223538379981457
RUKWA,-0.1858400106430053,0.10940765,0.295247659087181,1.5887281043179278,0.4753953516483307,0.24745668,-0.2279386669397354,-0.4794707955780666
RUPERT,-0.018815828487277,0.12527561,0.1440914403647184,7.658397761220955,0.3435397446155548,0.24071777,-0.10282197594642639,-0.2993006726508994
RUVU,-0.3944894969463348,0.1250358,0.5195252895355225,1.316959286663807,0.6051619052886963,0.23539595,-0.3697659522294998,-0.611018866156545
RUVUMA (also ROVUMA),-0.3882635533809662,0.1356042,0.5238677561283112,1.3492616054947955,0.6187371611595154,0.2421012,-0.37663595378398895,-0.6087162186314371
SABINE,0.1124354973435401,0.13024335,0.01780784875154505,0.1583813901382457,0.2585793137550354,0.23719038,-0.021388933062553406,-0.0827167882656995
SACRAMENTO,0.1049635484814643,0.12670252,0.021738968789577567,0.20710772450392098,0.2711771130561828,0.2515786,-0.019598513841628973,-0.0722717391191838
SAGUENAY,-0.0632900223135948,0.12882712,0.1921171471476555,3.0355524564074003,0.3836725950241089,0.23342213,-0.15025046467781067,-0.3916101254462648
SAINT CROIX,0.1273742169141769,0.16097492,0.03360070288181308,0.26379309645810156,0.2410787940025329,0.2445595,0.003480702638626154,0.014437969192016085
SAINT JOHN (also SAINT-JEAN),0.1149364560842514,0.1288697,0.013933241367340088,0.12122454978581351,0.2533228695392608,0.2437399,-0.00958296656608576,-0.03782891278076173
SAINT JOHN RIVER,-2.0898590087890625,0.13893558,2.22879458963871,1.0664813495775018,1.8989818096160889,0.24369603,-1.6552857756614685,-0.8716696998411019
SAINT JOHNS,-1.6176317930221558,0.116233535,1.7338653281331062,1.071854798766407,1.5394946336746216,0.23753907,-1.3019555658102036,-0.8457026686737437
SAINT LAWRENCE (also SAINT-LAURENT),-2.096404790878296,0.13362278,2.2300275713205338,1.0637395243338383,1.9236372709274288,0.24084495,-1.6827923208475108,-0.8747966529259159
SAINT PAUL RIVER,-3.7821764945983887,0.15351528,3.935691773891449,1.0405894119699914,3.1833419799804688,0.23991337,-2.9434286057949066,-0.924634456389291
SAKARYA,-0.046436883509159,0.12917036,0.17560724169015876,3.781714235188872,0.3735166490077972,0.24750786,-0.12600879371166224,-0.33735700052297074
SALINAS,0.1223577111959457,0.123839565,0.0014818534255028187,0.012110730907665193,0.2365012913942337,0.23908256,0.002581268548965454,0.010914349005873477
SALSA,0.0985636711120605,0.12592393,0.027360260486602825,0.2775868896827779,0.2782295346260071,0.24044834,-0.03778119385242462,-0.13579096882090777
SALWEEN,-0.2514798939228058,0.13178724,0.3832671344280243,1.5240528874986714,0.4996364712715149,0.23683628,-0.2628001868724823,-0.5259817407283098
SAN ANTONIO,0.0997263267636299,0.12189634,0.02217001467943193,0.22230631662250905,0.2538575828075409,0.23318157,-0.020676016807556152,-0.08144698744824937
SAN JOAQUIN,-0.0483445040881633,0.12045662,0.16880112513899795,3.491702314982339,0.3628966808319092,0.23578456,-0.12711212038993835,-0.3502698614621776
SAN JUAN,-0.6787998080253601,0.117139295,0.795939102768898,1.1725699770809874,0.847765326499939,0.22757415,-0.6201911717653275,-0.7315591011096524
SAN PEDRO,0.0324005745351314,0.14541328,0.11301270499825483,3.48787695103276,0.3131128549575805,0.23454295,-0.07856990396976465,-0.2509307803719162
SANAGA,-2.655555248260498,0.12576139,2.781316637992859,1.0473582453887886,2.3300676345825195,0.24322152,-2.086846113204956,-0.8956157266066362
SANTA CRUZ,-0.6605648994445801,0.12936431,0.789929211139679,1.1958407230608163,0.8273451924324036,0.22790322,-0.5994419753551483,-0.7245358482798896
SANTA,-0.1326647996902465,0.12724143,0.25990623235702504,1.9591345413283339,0.4265141785144806,0.23366526,-0.19284892082214355,-0.45215019426464836
SANTEE,-1.08592689037323,0.13252781,1.2184547036886215,1.1220422263528882,1.1592270135879517,0.23742245,-0.9218045622110367,-0.795188307568534
SANTIAGO,-0.1004671230912208,0.13168712,0.23215424269437784,2.3107713879193628,0.4134159684181213,0.24552095,-0.1678950190544128,-0.4061154521471099
SAO FRANCISCO,0.0177104137837886,0.12466393,0.10695351287722596,6.038677328803721,0.3216407895088196,0.24137014,-0.08027064800262451,-0.24956535693078358
SARYSU,-0.0350659750401973,0.12734222,0.16240819916129107,4.631635955112239,0.365194708108902,0.23852096,-0.12667374312877655,-0.34686536647632843
SASSANDRA,-2.6664845943450928,0.110237926,2.7767225205898285,1.0413424355876495,2.33341383934021,0.2258706,-2.107543244957924,-0.9032012694124492
SAVANNAH,-0.231689915060997,0.13020381,0.3618937283754349,1.5619811948282407,0.4995730519294739,0.2543449,-0.2452281415462494,-0.49087445714828454
SAVE,-9.418596267700195,0.12948246,9.5480787307024,1.0137476406323829,7.45329475402832,0.23303002,-7.220264732837677,-0.9687344996252569
SCHELDE (also ESCAUT),-0.0359901301562786,0.11966562,0.15565575286746025,4.3250768271292825,0.366227775812149,0.23384164,-0.13238613307476038,-0.3614847926168032
SEAL,-1.274925708770752,0.11534674,1.3902724459767342,1.0904741561697375,1.2835772037506104,0.23973313,-1.043844074010849,-0.8132298218844328
SEBOU,-0.0039439387619495,0.12737754,0.13132147863507268,33.30548267763196,0.3326722681522369,0.24185094,-0.09082132577896113,-0.2730045797890793
SEINE,-0.5131347179412842,0.1308362,0.6439709216356277,1.254976820114781,0.728129506111145,0.24906977,-0.47905974090099335,-0.6579311495402
SEMBAKUNG,0.0310161300003528,0.11398506,0.08296893164515501,2.674939030278149,0.3169886469841003,0.21376345,-0.10322520136833185,-0.3256421853219373
SENEGAL,-2.5020787715911865,0.13197984,2.6340586096048355,1.052748495475309,2.217694997787476,0.24024065,-1.9774543493986134,-0.8916706128213496
SEPIK,0.0348608084022998,0.120300405,0.08543959632515916,2.4508079253720756,0.3019889891147613,0.23601247,-0.06597651541233057,-0.21847252488644048
SERRANO,0.0187885779887437,0.11330974,0.09452116303145894,5.030510163032074,0.3409903049468994,0.23543131,-0.10555899143218994,-0.3095650531283431
SEVERN,-1.078778862953186,0.12264002,1.2014188840985298,1.1136851481264274,1.1532578468322754,0.24115922,-0.9120986312627792,-0.7908880419760879
SEVERNAYA DVINA,-3.893179655075073,0.12954397,4.022723630070686,1.0332748600752604,3.2642524242401123,0.23990104,-3.0243513882160187,-0.9265063079224798
SHANNON,0.0241124629974365,0.13664871,0.11253625154495242,4.666946906668533,0.3165460228919983,0.2313996,-0.08514642715454102,-0.2689850827742325
SHATT AL ARAB,-0.2148609012365341,0.11054494,0.3254058435559273,1.514502434764204,0.4936539530754089,0.23579445,-0.25785949826240534,-0.5223476370610135
SHINANO GAWA,-9.301488876342772,0.124678075,9.42616695165634,1.013404207689253,7.3856964111328125,0.23468499,-7.151011422276497,-0.9682242615974813
SITTANG,-0.5954864621162415,0.123438574,0.7189250364899635,1.2072923391530692,0.7837754487991333,0.24833965,-0.5354357957839966,-0.6831486154047713
SIXAOLA,-0.1367160975933075,0.12390868,0.2606247812509537,1.9063350415492943,0.4398579001426697,0.24284865,-0.19700925052165985,-0.44789192729250055
SKAGIT,-0.0887220650911331,0.13666168,0.22538374364376068,2.5403633670566226,0.3893822729587555,0.23738594,-0.15199632942676544,-0.3903514608416816
SKEENA,-0.5359732508659363,0.1370979,0.6730711460113525,1.2557947634861961,0.7309614419937134,0.24407287,-0.4868885725736618,-0.6660924619405401
SOUTH ESK,-0.2859650254249573,0.12788877,0.41385379433631897,1.447223278247363,0.533941388130188,0.23553641,-0.2984049767255783,-0.5588711129876057
STIKINE,-0.2697953581809997,0.13214214,0.4019374996423721,1.4897920859142655,0.5438690781593323,0.23835047,-0.30551861226558685,-0.5617492569173516
STRUMA RIVER,-0.0748454928398132,0.12064288,0.19548837095499036,2.6119272579398274,0.401744931936264,0.23116665,-0.17057828605175013,-0.42459244137115987
SUNGAI FLY (also FLY RIVER),0.0530519895255565,0.114178255,0.061126265674829545,1.1521738213335557,0.2878101170063019,0.23629113,-0.051518991589546204,-0.1790027853177685
SURINAME RIVIER,-1.7989697456359863,0.12960832,1.9285780638456345,1.0720464535718366,1.6845641136169434,0.23227367,-1.4522904455661774,-0.8621159454311343
SUSITNA,0.0043610460124909,0.12619315,0.12183210486546167,27.930036619648295,0.3263520896434784,0.23555891,-0.090793177485466,-0.2782053559984746
SUSQUEHANNA,-6.2089433670043945,0.13857995,6.34752331674099,1.0223195741795001,5.028132915496826,0.24320577,-4.784927144646645,-0.9516308087776635
SUWANNEE,0.1268839091062545,0.13397482,0.0070909112691880105,0.05588459115535971,0.235926479101181,0.23824711,0.0023206323385238925,0.00983621046333757
SVARTA,-6.791843414306641,0.13602808,6.927871495485306,1.020028303497167,5.445291519165039,0.22893369,-5.2163578271865845,-0.9579573198000465
TAFNA,0.1256518810987472,0.13679528,0.011143401265144404,0.08868400921413896,0.239273652434349,0.24612576,0.00685210525989538,0.028636987621475814
TAGUS,-0.2171219438314438,0.13017708,0.3472990244626999,1.599564824719611,0.4952420592308044,0.24421303,-0.2510290294885635,-0.5068804596241161
TAKU,-0.1219132095575332,0.13563925,0.2575524598360061,2.1126059544877753,0.4165121018886566,0.24044603,-0.1760660707950592,-0.4227143635979203
TALAS,0.0771530419588089,0.12528941,0.04813636839389801,0.6238995024991317,0.2878966629505157,0.23692945,-0.05096721649169916,-0.1770324078679982
TANA,-4.370132923126221,0.13230461,4.50243753194809,1.0302749690739823,3.627936124801636,0.23759156,-3.3903445601463322,-0.9345102860159697
TANO (also TANOE),-0.8269621133804321,0.13573837,0.9627004861831665,1.1641423890512363,0.9422708749771118,0.2401349,-0.7021359801292419,-0.7451522206860913
TAPI,-0.2102739959955215,0.123658486,0.33393248170614237,1.5880901878301799,0.4926659762859344,0.23646036,-0.2562056183815002,-0.5200381408004164
TARIM HE (also TALIMU HE),-0.8275753855705261,0.13338065,0.9609560370445251,1.1611717977255258,0.9662265181541444,0.24266665,-0.7235598713159562,-0.7488504081297808
TAZ,-0.2253431379795074,0.12180787,0.34715101122856135,1.5405508012892433,0.5042360424995422,0.24431525,-0.25992079079151154,-0.5154734160407255
THAMES,-0.0036471504718065,0.13170919,0.13535633869469163,37.12308083314751,0.3526452481746673,0.23136434,-0.12128090858459467,-0.34391662810070134
THELON,-1.5489013195037842,0.12329728,1.6721986010670662,1.0796037550065085,1.4982761144638062,0.23495023,-1.26332588493824,-0.8431857316263895
THJORSA,-4.86688232421875,0.12202207,4.988904394209385,1.0250721276854275,3.9971532821655273,0.2358082,-3.761345088481903,-0.9410057313184642
THLEWIAZA,-0.435293585062027,0.12697832,0.5622719079256058,1.291710282281709,0.6500931978225708,0.23475859,-0.4153346121311188,-0.638883739498434
THU BON,0.1082087382674217,0.14132513,0.03311639279127124,0.3060389325536468,0.2421862781047821,0.23973441,-0.002451866865158081,-0.010123846654312218
TIJUANA (also TIA JUANA),0.1214314252138137,0.1487416,0.027310177683830344,0.22490020796128876,0.2411206662654876,0.24289429,0.0017736256122589944,0.007355728913660291
TITICACA,0.0029952509794384,0.11712652,0.11413126601837578,38.09135709978738,0.3510855436325073,0.22739093,-0.12369461357593536,-0.3523194375270907
TOCANTINS,-0.7820063829421997,0.1174699,0.8994762822985649,1.1502175073455316,0.9185692071914672,0.24207531,-0.6764938980340957,-0.7364640097597754
TONE,0.109969824552536,0.12529382,0.015323996543884291,0.13934601842112776,0.2659696936607361,0.23786868,-0.028101012110710144,-0.10565454307742236
TORGHAY,-0.9876188635826112,0.12926234,1.1168812066316605,1.130883966173053,1.073224663734436,0.2392106,-0.8340140581130981,-0.7771096855912221
"TORNEALVEN (also TORNIONJOKI, also TORNIONVAYLA)",-13.386274337768556,0.10948097,13.495755307376387,1.008178674291592,10.490381240844728,0.24570748,-10.244673758745195,-0.9765777379261876
TRENT,-0.0055428189225494,0.14783177,0.1533745867200195,27.675856765356503,0.3413921892642975,0.24122497,-0.10016721487045288,-0.2934071856744222
TRINITY,0.1053272858262062,0.12887922,0.023551933467388167,0.2236050200821585,0.2598384916782379,0.23841082,-0.02142767608165741,-0.08246504772335199
TSIRIBIHINA,-3.045019149780273,0.12678447,3.171803623437881,1.041637017390769,2.622117519378662,0.23594514,-2.3861723840236664,-0.9100169829810341
TUBAN,-0.7000584006309509,0.12594578,0.8260041773319244,1.1799092139979659,0.8506636023521423,0.2467037,-0.6039599031209946,-0.7099859350571384
TULOMA,-7.6591477394104,0.12149519,7.780642926692963,1.0158628880495786,6.127388000488281,0.22793894,-5.899449065327644,-0.9627998262975513
TUMBES (also TUMBEZ),0.1193504631519317,0.13824974,0.018899276852607796,0.15834977094959823,0.2542324066162109,0.2357592,-0.018473207950591986,-0.07266239396492462
TUMEN,0.0741111040115356,0.13646717,0.06235606968402867,0.8413749753255271,0.2969435155391693,0.25251776,-0.044425755739212036,-0.14960961868094153
TWEED,-0.9150090217590332,0.14592071,1.0609297305345535,1.1594758792332738,1.0310479402542114,0.23995878,-0.7910891622304916,-0.7672663550145775
ULUA,0.0510805360972881,0.13883378,0.08775324001908305,1.7179052691749777,0.3131194710731506,0.24260224,-0.07051722705364222,-0.22520797446414204
ULUNGUR HU,-1.3138806819915771,0.12285074,1.4367314204573631,1.0935030354374362,1.3074568510055542,0.23982476,-1.0676320940256119,-0.8165709458278182
UMBA,0.0985211580991745,0.15191837,0.05339720845222473,0.5419817174373501,0.2663722634315491,0.21933137,-0.047040894627571106,-0.17659765856966114
UMBELUZI (also UMBULUZI),-0.124216578900814,0.13395831,0.2581748887896537,2.0784421010170235,0.4226482808589935,0.23603484,-0.18661344051361078,-0.44153261099684626
URAL (also ORAL),-0.4534268081188202,0.1167026,0.5701294094324112,1.2573819117129055,0.6727433204650879,0.24274255,-0.43000076711177826,-0.6391741320305849
URUGUAY,-10.329140663146973,0.12528136,10.454422026872635,1.0121290221462154,8.162991523742676,0.23508556,-7.927905961871147,-0.9712009338257066
USUMACINTA,-0.414986789226532,0.12443727,0.5394240617752075,1.299861527260027,0.6396194100379944,0.23233646,-0.4072829484939575,-0.6367572736926332
UTAMBONI (also MITEMBONI),-0.0683594718575477,0.13135862,0.19971809536218638,2.9216290232230344,0.391605406999588,0.2333966,-0.15820880234241486,-0.4039995248151834
UTHUKELA,-0.7978572845458984,0.12148448,0.9193417653441429,1.1522648666825859,0.924977481365204,0.23926987,-0.6857076138257981,-0.7413227741403685
UVS NUUR (also UBSU-NUR),-2.154223680496216,0.12092068,2.27514436095953,1.0561323959487143,1.952187180519104,0.23326212,-1.7189250588417053,-0.8805119690790404
VALDIVIA,-1.027290105819702,0.10801557,1.1353056728839872,1.105147194156309,1.1037943363189695,0.25385886,-0.8499354720115659,-0.7700118346631206
VAM CO,0.097786009311676,0.12909947,0.031313464045524625,0.3202211036613196,0.2976517379283905,0.2244123,-0.07323943078517914,-0.24605663396517835
VARDAR,-0.0633869990706443,0.12390679,0.18729379028081886,2.9548132557172155,0.3937350511550903,0.24788933,-0.14584572613239283,-0.370414966332217
VARZUGA,-0.6422024965286255,0.13928793,0.7814904302358627,1.2168928824678138,0.7890821099281311,0.23114991,-0.5579321980476379,-0.707063921439725
VASA BARRIS,0.0902853235602378,0.13803753,0.047752209007740104,0.5288974799807912,0.2800250947475433,0.22765294,-0.052372157573699896,-0.1870259899203889
VERDE,-0.4233843386173248,0.12608568,0.5494700223207474,1.2978073821119023,0.6629712581634521,0.23833404,-0.42463721334934235,-0.6405052520985732
VICTORIA,-1.508736491203308,0.11627847,1.6250149607658386,1.0770708121075554,1.492635726928711,0.2343785,-1.2582572251558304,-0.8429761927035347
VISTULA,-2.1957271099090576,0.13137381,2.327100917696953,1.0598320560998096,1.987979769706726,0.23342654,-1.7545532286167145,-0.8825805839538138
VOLGA,-1.0416955947875977,0.12227453,1.1639701277017593,1.1173813644862904,1.1177622079849243,0.23726265,-0.8804995566606522,-0.7877335292221641
VOLTA,-1.4150573015213013,0.12075499,1.5358122885227203,1.0853365246821602,1.4166107177734375,0.25455317,-1.1620575487613678,-0.8203077344212811
VYG,-0.9330809712409972,0.12749562,1.0605765879154205,1.1366406102414273,1.0327433347702026,0.23827617,-0.7944671660661697,-0.769277680175266
WAIAU,-1.932717442512512,0.116397075,2.049114517867565,1.0602251177641644,1.7816922664642334,0.24206978,-1.5396224856376648,-0.864134424604434
WAIKATO,0.0446751415729522,0.14534904,0.10067389905452735,2.253415257227076,0.314191073179245,0.23750062,-0.07669045031070709,-0.24408779487875742
WESER,-0.4553912580013275,0.12174588,0.5771371349692345,1.2673462482536286,0.6558943390846252,0.23236153,-0.4235328137874603,-0.6457323120767215
WINISK,-0.3724606335163116,0.11934328,0.4918039143085479,1.3204220539700706,0.6123676300048828,0.24018155,-0.372186079621315,-0.6077811001166851
YALU RIVER,-1.020680546760559,0.12468753,1.1453680768609047,1.1221622697310658,1.0973745584487915,0.24110939,-0.8562651723623276,-0.780284530459847
YANA,-0.556218683719635,0.123473965,0.6796926483511925,1.2219903614100047,0.7537447810173035,0.24468204,-0.5090627372264862,-0.6753772293616325
YANGTZE,-1.4730288982391355,0.11850235,1.5915312469005582,1.0804488148548186,1.4428712129592896,0.23759028,-1.2052809298038483,-0.835334493920187
YAQUI,-0.2298756539821624,0.13423571,0.36411136388778675,1.5839561151271628,0.4981694519519806,0.24078318,-0.2573862671852112,-0.5166630541347744
YELCHO,-0.2705418765544891,0.11906616,0.3896080330014228,1.4401078238650293,0.5430600643157959,0.2608212,-0.2822388708591461,-0.5197184799369471
YELLOW RIVER,-0.7956705093383789,0.13554591,0.9312164187431335,1.1703557919637584,0.9350680112838744,0.2469591,-0.6881089061498641,-0.7358910388924903
YENISEY,-2.2032032012939453,0.124845766,2.3280489668250084,1.0566660497423888,1.9976224899291992,0.23612751,-1.761494979262352,-0.8817952873215281
YODO,-12.496468544006348,0.13148732,12.627955868840218,1.010522039478023,9.80135440826416,0.24165535,-9.559699058532715,-0.9753445988166404
YSYK-KOL (also ISSYK-KUL),0.1262940913438797,0.12845446,0.002160370349884033,0.017105734885623686,0.2480001896619796,0.23428917,-0.013711020350456155,-0.05528610717208247
YUKON,-0.2978667914867401,0.11964467,0.4175114631652832,1.4016764432107311,0.5558143854141235,0.23372148,-0.3220929056406021,-0.579496203403256
ZAMBEZI,-30.134361267089844,0.13135566,30.265716925263405,1.0043590325797298,23.177780151367188,0.23914048,-22.938639670610428,-0.9896822961958697
ZAPALERI,0.1045374721288681,0.13312027,0.028582796454429626,0.2734189229319771,0.2811297178268432,0.23563081,-0.0454989075660705,-0.16184253331610188
ZHEM (also EMBA),0.0249940622597932,0.12737519,0.10238112322986134,4.096053939203447,0.3203445076942444,0.24268593,-0.07765857875347137,-0.2424213135137611
ZHU,0.1258497834205627,0.1260355,0.00018571317195897885,0.0014756616280915044,0.2416486293077469,0.2395842,-0.002064436674118042,-0.00854309886604018
