Basin,Pearson_Degree,Spearman_Degree,Pearson_Betweenness,Spearman_Betweenness,Pearson_EdgeBetweenness,Spearman_EdgeBetweenness
ABHE BAD (also ABHE BID HAYK),0.3826357998742453,0.3778649084241133,0.24052266535762046,0.3585354108090136,-0.008410693611748222,0.06250510568886186
ACARAU,0.5987951038645122,0.7099971155546368,0.46901616015709174,0.6461502313374886,0.3741139556475509,0.3776274560246805
AISEN,0.5030092284966574,0.6610317972405239,0.4534810135015606,0.621469544767845,-0.26123074327076934,-0.03507901678187007
ALAKOL,0.06418308852250548,0.594061088977427,0.06156093474482838,0.5325935631988122,-0.04796696189949296,0.13782217470793942
ALAZEYA,0.1449869778200354,0.6753555598050868,0.12072682742430205,0.6427647110334782,0.07076041931420338,0.11778123050667516
ALBANY,0.42629235317414366,0.42641404869810795,0.29360555499382984,0.4270157501356148,-0.07927221910191522,-0.018348586687681346
ALSEK,0.33722316738533187,0.5527647303372606,0.4595094663032459,0.5825636680041313,-0.1828592051858156,-0.08677194689885713
ALTAMAHA,0.3877774815139289,0.6830625914231566,0.5171774657410386,0.7101187603512666,-0.08972951883502853,-0.049773224894105364
AMACURO (also AMAKURA),0.7077650340667615,0.7745966692414834,0.7077650340667615,0.7745966692414834,-0.5136296577817243,-0.8660254037844387
AMAZON (also AMAZONAS),0.6392725528319867,0.6573671830950276,0.18189456802066412,0.609140451227632,0.0031155321663932788,-0.024612256297268764
AMUR,0.571295397013635,0.5831834450335484,0.1793834689781198,0.5415566135352358,-0.014648518743605413,-0.018200619563157588
ANABAR,0.6525426980898089,0.6951890129999105,0.3887340081489406,0.608881022972681,0.09694759820001023,0.08311005298975359
ANADYR,0.4880691109485539,0.49067867362932094,0.2407263339678737,0.4276315228071131,0.053911309559292485,0.07897921713237982
ANDERSON,0.03384919368189723,0.5152613357169236,-0.029893423966102357,0.4927516965221778,0.27318931859140255,-0.12173473897438597
ANGERMANALVEN,0.27135051729264853,0.5387463949007695,0.3839870407067216,0.5635448259129378,0.33846055557247495,0.2551551815399144
APALACHICOLA,0.2006081506516984,0.5168705537388951,0.09938504681558664,0.4606108308571748,-0.1075192276532993,0.05094267081084934
ARAGUARI,0.4297480138684073,0.6347063276482805,0.18736142368404501,0.5582610941610336,0.08333758631494294,-0.030628866504895838
ARAL SEA,0.5986398561598267,0.6131292150629071,0.21567790912002957,0.580151472030545,-0.013173427014680526,0.00705086558329217
ARMERIA,0.07497581599535193,0.16903085094570333,0.045073194594212336,0.12371791482634838,0.35598389342550135,0.40824829046386296
ARNAUD,0.29456385140858427,0.618009011287618,0.06919667203174105,0.5407913431712406,0.23677837581442585,0.08542408613124117
ASHBURTON,-0.053014604539074264,0.6358612674749456,-0.008713359899925057,0.590360669338414,-0.07290904512352309,0.026960332613368606
ATOUI,0.06449442679542991,0.42389933308072125,0.1092147820473897,0.43727345779962706,0.19904911530447486,0.06264633645734935
ATRATO,0.12239867413020783,0.5572923364944484,-0.05210568851466552,0.5074487825776849,-0.07616911058013451,-0.0389719295362678
ATREK,0.14499894268653443,0.4900896960322166,0.04080494335440003,0.4336643173145298,0.25696321726656013,0.11238171398577752
ATTAWAPISKAT,0.04117999631321608,0.5603600367088374,0.1791333614905589,0.5781993390853137,-0.11672632259137898,-0.005284207938778394
AZOPARDO,-0.07067865906997008,0.2581988897471611,-0.07067865906997008,0.2581988897471611,-0.9998735492709394,-0.8660254037844387
BACK,0.06402794599500097,0.5999759668342216,0.13593954831417696,0.5769507020665945,-0.05070638835043729,0.05269238853600724
BAKER,0.08195681175784915,0.2525794430614914,0.10544830816627238,0.205281525472244,-0.10373219441921891,0.0191147547558959
"BALEINE, GRANDE RIVIERE DE LA",0.15775775730347344,0.5946187253790689,0.03437671482612168,0.526132401401065,-0.2648760734433966,-0.022805893448560457
"BALEINE, RIVIERE DE LA",0.2589566467200783,0.44769661881817696,0.16457270831913012,0.36318898769750746,-0.006371513442735976,-0.22838356222841721
BANCANNIA LAKE,0.0835431109000047,0.6945978911563255,-0.004326482830419626,0.6251423849026758,0.20070587860870834,-0.044086438975262314
BANDAMA,0.6248837346313473,0.6252914084727963,0.5245681891953753,0.6111307152145959,-0.2958405324344271,-0.09497953929020267
BARAKA,-0.12481637213286785,0.5516881285221242,-0.10346021401929309,0.4946577671797281,0.059658916594931964,0.029497123079560424
BARIMA,,,,,,
BENGAWAN SOLO,-0.27254320335704824,0.16903085094570333,-0.300569485474202,0.12371791482634838,-0.41971583612357694,-0.4724555912615341
BIA,0.4949607411697381,0.6197797868009122,0.5553302600924218,0.6735753140545635,-0.46954170116591554,-0.40824829046386296
BIOBIO,0.16229832007913664,0.3324479842709234,0.23034753361251753,0.36289104759275154,0.01885772821493591,0.25911215148197264
BLACKWOOD,0.2096930643736286,0.36896402776085446,0.05057722100710067,0.24579667255586202,0.35237988015049015,0.1543033499620919
BRAHMANI,0.27874805776165856,0.688297476518036,0.11583669993046643,0.6052684462206833,-0.13607201533944405,-0.012305074497328053
BRAHMAPUTRA,0.6330520791038904,0.648278459053139,0.279592749872848,0.5969033931414743,-0.04494782415926177,-0.014738544060920619
BRANTAS,0.4736612210287858,0.7106690545187014,0.5143391229416422,0.7156264473321344,-0.45275938350862693,-0.2898754521821014
BRAZOS,0.686839268094626,0.7215172578754371,0.42835736892007187,0.653538855395724,-0.022359675575963463,-0.05108366732980129
BULLER,0.19405626769527895,0.05634361698190111,0.1569121740457634,0.10997147984564302,-0.36156501175257694,-0.7768985960673559
BULUNGAN,0.3852932022944906,0.4604435704551633,0.3553259395491852,0.4194430973401105,0.12947992160912125,0.0027865803750394226
BURDEKIN,0.6098018871857968,0.615630066013628,0.3442797977597434,0.5401853287388262,0.11142460107963918,0.16966435906089553
BUZI (also BUDZI),-0.16347536840465565,0.06172133998483677,-0.10288113090707521,0.10703554438852335,-0.167765060872599,-0.268834023763191
CANCOSA,0.437692072707599,0.6069265098508948,0.37810889150991506,0.5914807067249428,0.05593587388170362,-0.12420098462394492
CANDELARIA,0.3892373598258466,0.6149400462680908,0.5110324248379233,0.6462336357925643,-0.32884315186449825,-0.071957308692306
CANETE,-0.0788140257948478,0.2581988897471611,-0.0788140257948478,0.2581988897471611,-0.49267749281056106,0.0
CANIAPISCAU,0.5946745401164355,0.6026688331404996,0.40006780168856243,0.5903213432277881,0.09505145526752357,0.07767325089564557
CAPE FEAR,-0.1206733546410411,0.28389421588563074,-0.009805641000311715,0.25350504074374247,-0.1622143870746015,-0.18609684207969412
CAPIM,0.0752375199342922,0.5624373665261665,0.20342852851065166,0.5393502055870489,0.36924446016222473,0.23096396088297924
CATATUMBO,0.3345431784656315,0.5738287342369132,0.44584800507153927,0.6251518603111154,-0.40488311378037245,-0.34088588994112673
CAUVERY,0.17016666936217692,0.6809853800776607,0.2798648814616327,0.6292583914925105,-0.04914899082022793,-0.13685833244113402
CAVALLY,-0.09005089957170913,0.21141058629781012,-0.2141195944323355,0.1435623276298129,0.42200545988957183,0.302407368379503
CESTOS (also NUON),0.3410917202242346,0.4264014327112208,0.30874829297232964,0.38533731779422614,0.31976808564721365,0.4107919181288746
CHAD,0.6346740114359577,0.6596709193975149,0.19822651563956314,0.6258967444341859,0.010821540328799124,-0.025551644321075723
CHANGUINOLA,-0.17396641511525712,-0.2581988897471611,-0.17396641511525712,-0.2581988897471611,0.9993410200716244,0.8660254037844387
CHAO PHRAYA,0.4970444212660671,0.49469247610063494,0.2917389081004153,0.4545459118343884,0.02342197036696378,0.030268101752785558
CHELIF,0.1684514463910365,0.4418841521601953,0.24142894114109134,0.46036672991132455,0.049087451752040344,0.14481834479417763
CHERGUI,-0.15997592649552914,0.3190658347693349,-0.14295811737485223,0.30844406003969066,0.05748763330191927,0.007273247285144222
CHEW BAHIR (also LAKE STEFANIE),0.32161063852639926,0.5183124836665428,0.11553573874539064,0.44597072605224997,0.2718562482870807,-0.025830434161586112
CHICO,0.3317230014532589,0.38888888888888884,0.16345050413268067,0.34284066739356067,-0.3579736379372946,-0.29520049603213505
"CHILOANGO (also SHILOANGO, also LOUANGO)",0.4032468868316494,0.4651705239840723,0.4616859654368473,0.5034689982929378,0.8247135048167104,0.5963432852917913
CHIRA,0.5068623695537166,0.6969320524371695,0.4900380714877633,0.6726951355403575,-0.32690356203735216,-0.4085285845514416
CHOLUTECA,-0.15878333338174475,0.41403933560541256,-0.15878333338174475,0.41403933560541256,-0.2439950858831715,0.35355339059327373
CHUBUT,0.6842528983333259,0.7022693882003997,0.5743983214890425,0.7084105619002664,0.044534712721913276,0.06812198361165607
CHURCHILL,0.5574049916788697,0.5746597373022937,0.2639450272446588,0.5355153369435277,0.08423241637355133,0.022054150005176673
CHUY (also SHU),0.5678991806014914,0.5730117069178514,0.32136055467514607,0.5323164159331688,0.1666018833867486,0.06499126415937195
CISNES,0.7649979415777025,0.6210590034081188,0.7649979415777025,0.6210590034081188,0.672315084243874,0.8660254037844386
CLUTHA,0.4065379077343959,0.43166584730171564,0.3840017397921011,0.39315433737839955,-0.2398743258801593,-0.3135488830329647
COATAN,,,,,,
COCO,-0.13691224482569248,0.2585982695523693,-0.010457747489976571,0.28184893793229854,-0.08070651826599776,0.13913398398454369
COIG,0.5569846480952345,0.6479865854576424,0.5468898584287741,0.6468914144722704,-0.12275282594986574,-0.35440871367981336
COLORADO (also COLORADO RIVER),0.6139088501032829,0.6297225277202058,0.2449789058493969,0.5788647131939514,-0.0718865088917369,-0.0698504050518642
COLORADO,0.6708634325492182,0.7126044017122211,0.30969778739967846,0.6824692817284366,0.09487886427638485,0.03481631201027795
COLUMBIA,0.5957754968434817,0.6080613001087606,0.28387351537309286,0.572975866097215,0.03971891876247901,0.034173530591106754
COLVILLE,0.3225798359521653,0.6644089067292759,0.1746866724448076,0.5769727279792521,-0.16918103946293067,-0.20460074525719726
COMOE (also KOMOE),0.24193838983315377,0.7922872660532484,0.20909481241923814,0.7804944351384929,-0.04444398767847858,0.03196459483570515
CONCEPCION,0.12560096422850478,0.31471742510980755,0.015302328454426422,0.25018855014621766,-0.13671100944353407,-0.04745344879827188
CONGO,0.6537868030268398,0.6737059458970719,0.20941542746566147,0.6229993634991923,0.013565767245202576,0.0017325999169419497
CONNECTICUT,-0.278941144066172,0.0,-0.19788226466226125,0.011919737500471312,0.11388905836664213,0.1635721640219061
COPIAPO,0.4104579660794317,0.47828670265295953,0.4368695208569312,0.4890851106223373,0.07093893102597114,0.02431322695419323
COPPENAME RIVIER,-0.03698913913546998,0.14815131259120062,0.06961307359975465,0.20365429296009122,0.11964427184971504,0.21709597415113874
COPPERMINE,0.18179954345690608,0.42389933308072125,0.23167869460610735,0.40924494260333966,-0.3858480707566039,-0.37998546685963497
COPPER,0.5237662092399928,0.5224448670190294,0.348950850837242,0.46810857606371853,0.19069630092257586,0.2143893920697481
CORUBAL (also KOLIBA),0.28290235705251554,0.4172769857249918,0.17704008060424173,0.34945880580847855,-0.10382260289659188,-0.2868222763063068
COSAPILLA,0.7109042951115301,0.7745966692414834,0.7109042951115301,0.7745966692414834,-0.5192500422051513,-0.8660254037844387
COURANTYNE,0.19325499723444706,0.6885888780609741,0.31867310019292966,0.6414224743850375,0.10456908615029563,0.07210568641612114
CROSS,0.07963129438367907,0.8081246436257915,0.16432072112642274,0.7987453315748159,-0.0755267677763945,-0.08213054870025731
CUANZA,0.5574593486343936,0.5638665062634913,0.44069196041119124,0.5487814063043371,0.05755149254892711,0.09956303299973353
CUVELAI,0.6064331345316049,0.6212901128936238,0.2703223577652295,0.5643936819597297,0.07551976027420358,0.04538306318688444
CUYUNI,0.0640814939656536,0.6304444581600155,0.1834215000995173,0.6530237644189273,-0.08784683478399068,-0.07924292091037678
DALING HE,0.045259210804510557,0.3309438162646487,-0.16262155368947448,0.20527617913309354,-0.012444655995336161,0.08126701303056753
DALY,0.30934614468857835,0.6201886799918865,0.0039037375918539686,0.5547655731328102,-0.06541358190134465,-0.0347377681360913
DAMODAR,0.007942626628493772,0.20008048521410043,0.06655064478586835,0.22355054800435598,-0.12327053253617849,0.15042972365049784
DANUBE,0.4965150433699235,0.49610325677716605,0.29377389406864046,0.4674838142966145,-0.024418818798542744,-0.019094700423322376
DAOURA,0.049587550824621164,0.48894572598449054,-0.015081279382712004,0.45493714780728467,-0.12621366911589132,-0.29528885218190987
DASHT KAUR,0.40932230532877817,0.4826693453801442,0.4795712653704918,0.5248335234281982,0.23713611413207644,0.24659095923271449
"DAUGAVA (also ZAPADNAYA DVINA, also ZAKHODNAYA DZVINA)",0.601893573194924,0.6261196988257066,0.40956257370005944,0.6012430353769616,0.05942433306170669,0.069018292899177
DE CONTAS,-0.07190198767931658,0.7378542327466348,-0.09127617921802128,0.6683525957698986,0.06838956318316214,0.022351314321670476
DE GREY RIVER,0.1313351879427776,0.513923283070756,0.08634342158712459,0.4787209088850183,0.08557419767772757,0.0944142824025502
DEAD SEA,0.21542337816982862,0.6254356372209413,0.340975121493939,0.640667189586993,0.08953178645920094,-0.11836295016940444
DELAWARE,0.03040835365574862,0.2589995083810294,-0.0804837283313902,0.2076088724752418,0.19925050993106241,0.26967994498529685
DESEADO,-0.09334381879281395,0.010982823482332923,-0.13218593624236452,-0.021170991746365213,-0.007952131589581274,0.04347490658311758
DIGUL (also UWIMBU),0.15961148281222737,0.4509560339299332,0.10042052857083378,0.38741462296884216,-0.19041249811162206,-0.3092947870658709
DJERID,0.20715022909611872,0.7232903857824848,0.302080385901176,0.7225459593369593,0.005589548869217586,0.12834463614578467
DNIEPER,0.590673768085466,0.6079268585825849,0.198867340516507,0.5284797061281501,0.0005060564341066236,-0.028358578896355135
DNIESTR,0.22534803078079746,0.611725004471277,0.24525780186983262,0.5860216752873288,-0.01808687110878847,0.09847921426440262
DOCE,0.18525190698166566,0.725378830438618,0.11193552116408437,0.6975960162116323,-0.0638612968418675,0.14426720992049816
DONG NAI,0.2193519049796543,0.4651032898551823,0.447078583980575,0.5086479819996682,-0.24187313178194636,-0.24694634187431178
DONG,0.2445309368524503,0.49202301672096677,0.2275737561232392,0.47457214872259995,-0.06831438797661223,0.09994394237725333
DON,0.6102282232628448,0.6308393369491082,0.40095558597949416,0.6153948227620922,-0.0029803525990067105,-0.004415629361665653
DORDOGNE,-0.031143887856916574,0.252728709714401,-0.05938081154790936,0.2116497706760023,-0.06036263300487989,0.11197633540352389
DOURO (also DUERO),0.6962951948711955,0.715515870545149,0.45484755600608723,0.6810958122789399,-0.03750239716172875,-0.018842022585026177
DRAA,0.4914028905244226,0.5042441021257565,0.36066212238633966,0.4840351094187017,0.09139248196295326,0.03846696582351407
DRAMSELVA,-0.08002676909984459,0.18172434016970185,-0.11454176306999456,0.16150074125373026,0.05048136874658758,-0.1470817545788365
DRYSDALE,0.4882707301760613,0.6249458180848927,0.29926783536634,0.5159653944405788,-0.12587489264668092,0.054929216921142554
DURACK,0.06481011841483428,0.35805743701971643,0.26952465621471716,0.4704949731146715,-0.21320997694136828,-0.25773263511288325
EASTMAIN,0.4909682797879666,0.7305497475893984,0.4825218685295493,0.7371306062941807,0.3919697540539531,0.22814891774826065
EBRO,0.5921379427198004,0.6197476274807364,0.4181949736627796,0.5851665225994082,0.12527497185441516,0.1584879664526852
EEL,0.00544957766975932,0.14213381090374028,-0.0796409930429478,0.055048188256318034,0.8301588064214452,0.8664587415167273
ELBE,0.5518326346965231,0.5612920524090255,0.3229712960589673,0.5014807556781669,0.014289075369018333,0.03916114395963502
ELLICE,0.06612641782346024,0.2801481253484001,-0.021621809315490865,0.1817243401697019,-0.24659673617320552,-0.3418945882669658
ESMERALDAS,-0.15160380967709602,-0.008714783093600034,-0.03579149474564157,0.044624594203397636,0.14558908196454717,0.09299908237384161
ESSEQUIBO,0.03583954373567106,0.46804228403226444,0.11441535160177799,0.440735592520221,0.09575241223900387,-0.05232341409579666
FERGUSON,0.42785446122083715,0.6463123638247338,0.4821426891485574,0.6763305214589151,0.014627192499206094,0.11715032439906944
FEUILLES,0.1185059466078339,0.5286873173344331,0.11251439325987259,0.5060041333386298,-0.20638198892956627,-0.16883569306292792
FITZROY,0.5132939571716062,0.5230891404531091,0.14200125730102012,0.4445934553655361,0.16825694148051762,0.14345718228873489
FLINDERS,0.6211583028491524,0.6493987455388983,0.3396935257084474,0.5645504782620424,0.09055285802120192,0.04077626673015822
FORTESCUE,-0.0007824418733198716,0.5042251955430462,0.02649708133292865,0.4941812381768256,-0.04810899933251401,-0.08579898960214224
FRASER,0.5020744694811249,0.509982373116045,0.20735939866865963,0.4479282400069148,-0.05134039390096989,-0.0631538010773808
FUERTE NUEVO,0.08238986412374633,0.38053905533605825,-0.06910167140537303,0.29212608634590354,-0.19143159503289292,-0.07168221481614959
GALANA,0.2856438446634026,0.5441627523004031,-0.00678868085589734,0.4969383642429316,0.11533007674501106,-0.09778994830485394
GALLEGOS,0.23039805786557382,0.3553345272593507,0.17389019941333547,0.30276503540974914,-0.12287519819640216,0.10690449676496976
GAMBIA,0.28967738859579384,0.7661154282252716,0.3346854714929914,0.7604042265998606,0.06530856883289994,-0.0502342329480407
GANGES,0.5751190476125412,0.5853890145594765,0.31231190119118973,0.5772602479987224,-0.009289264308884968,0.01870556161961771
GARONNE (also RIO GARONA),0.11452867437758256,0.5659073929487355,0.0046374912661181975,0.4968870435962343,-0.048892484697732476,0.10383602077100215
GASCOYNE,0.48359384485537227,0.5248132552021338,0.42679118508470376,0.5191388564363419,0.09090958605899471,0.1398801860316097
GEBA (also KAYANGA),0.3257014373729185,0.4162052056699595,0.22202389178759932,0.3776017487197033,-0.15449799077778936,0.02321035412742638
GEORGE,-0.048009013327241036,0.3343159171659032,0.020070916726363703,0.3023155515805613,-0.07515845625674132,0.07158541624582627
GILBERT,0.15438021474821498,0.5527647303372606,-0.02024373010176023,0.4768254466073338,-0.0709761990776852,-0.159824298003058
GLOMAA,0.2558573900398998,0.5490075829869093,0.1749366794162114,0.49785622674173274,0.14349141751282476,0.08891787425369735
GOASCORAN,,,,,,
GODAVARI,0.5339770691342661,0.5507037104288239,0.28531464115629923,0.5106093779671745,0.045932621867263046,0.06696690394344305
GONO,-0.012580796550610559,0.41403933560541256,-0.012580796550610552,0.41403933560541256,0.5234386932932225,0.0
GOTA,0.11790717923018107,0.49245368340633555,-0.005701046109258957,0.3953326358183892,-0.0796332510489685,-0.16801416772379882
GOURITZ,0.4614331198310471,0.722324463569549,0.5914933919837372,0.753843999205038,0.03165303717373288,0.024397501823713332
GRANDE DE MATAGALPA,0.17376612119109214,0.3962946964838807,0.31110162070239805,0.4793359057594335,0.06918009180940059,0.12838441548542753
GREAT FISH (also GROOT-VIS),0.27428592469085794,0.4804999801042981,0.2549522398978526,0.46487093146146485,0.13794800390447165,0.21705833153124504
GREAT KEI (also GROOT-KEI),-0.008752968483897351,0.21786957734000087,-0.16860504437414606,0.09416472308615167,-0.02378465775617286,0.18239615148180519
GREAT SALT LAKE,0.6809150207437804,0.687279058971349,0.3876773279249744,0.6651883362546464,0.06975116492989965,0.11931283204808502
GREAT SCARCIES (also KOLENTE),0.07939263172357454,0.20701966780270628,0.07939263172357457,0.20701966780270628,0.23965556145740025,0.0
GUADALQUIVIR,0.10772909861865318,0.6750063775671038,0.13334249471621518,0.6436591713257752,-0.07005082476266158,-0.2593362127000796
GUADIANA,0.5749889902478575,0.5736745226036818,0.3603472411088798,0.5032667170726799,0.1474759616023363,0.09349429355229784
GUAYAS,0.2736707155443908,0.49850561570292823,0.13751194826341717,0.4462196360880287,0.3156332527636418,0.21224998378646018
GUDENA,,,,,,
GUIR,0.712891081566944,0.7418965811952762,0.41679675630625046,0.6849589881021202,-0.008960570040501542,-0.08833125309610917
GURUPI,0.21549801070269647,0.4654271779792929,0.11730219115180868,0.3759394474002829,-0.4102440212160663,-0.3259644848496231
HAI HE,0.62569137303254,0.6339054150142843,0.373966093726285,0.6037544489844787,0.01792776326854299,0.08850373805721033
HAMUN-I-LORA,0.23601222116841708,0.5268718725918177,0.16732291498083474,0.5101949303264508,-0.0358208430673169,0.1622908070005656
HAMUN-I-MASHKEL,0.5643395826223244,0.5951684263196408,0.2292430379759347,0.4965846427463223,-0.14071403192469314,-0.09839854035636748
HAMUN,0.5465973842042359,0.5464141504126904,0.22745187515490278,0.5113163126996542,0.011990680392916194,0.024416652799314452
HAN-GANG,-0.032167724756224245,0.15084899057221549,-0.07658346474266735,0.10682983937756475,-0.03980768215561657,-0.19616142650276056
HANJIANG XIXI,0.38389827213823746,0.6486749731408025,0.4094684027357165,0.6460665310183759,-0.25370094775485424,-0.3188563047837357
HAR US NUUR,0.5566435012452504,0.5462385516451996,0.3043902532605056,0.5201441003169343,0.05141309127610285,0.020677700082748964
HARI,0.03727126545414628,0.5182601884131252,0.07596564243239066,0.5105951524603696,0.0431235945880461,0.33021337618750946
HAYES,0.48137236452023874,0.48786889893609253,0.20451519082737854,0.42391383705451646,-0.011848988691621607,0.033565359936381364
HINGOL,0.19849542991810346,0.47718389478648576,0.3371077496403208,0.5478678009148595,-0.12633282813691254,-0.19284730395996752
HODNA,0.09009798474189598,0.4578327136255759,0.038772327930461196,0.43217545638170796,-0.22321376486375571,-0.08508037730275972
HONDO,0.3901809430906827,0.42966892442365967,0.2000916468310698,0.29405935819666973,-0.33641929311831775,-0.21355987210219282
HORNADAY,-0.01737163678784623,0.26930925072762085,-0.12993388652967644,0.1644746043404516,0.5721343936329036,0.2396668341418141
HORTON,0.3899485363564167,0.4180139230387152,0.31208386081171147,0.3683624270224853,-0.21239067651774762,-0.14364030373182207
HUAI HE,0.6402053892794457,0.6667211924385484,0.27451705596398623,0.5737851398528456,-0.061678105627863716,0.03383563210225624
HUASCO,0.3103076595223329,0.4264014327112208,0.3188951051631304,0.4128614119223852,-0.7916097230814986,-0.682727143301962
HUDSON,-0.20571169842494474,0.23399243186055813,-0.13453045201728112,0.25276491428715275,0.20495038600880788,-0.1420327113401339
IIJOKI,0.2712735153376904,0.31430269031480196,0.49100814331436643,0.485082174977794,0.40185822858186604,0.2800051170443268
INCOMATI (also KOMATI),0.2383349042585864,0.5442816204673406,0.16136481472072095,0.5016816164604876,0.1747146795277117,-0.0354927961068458
INDIGIRKA,0.5930885063655474,0.6003901718300363,0.17267484488553245,0.5162761674301485,-0.011649110552579521,-0.05590575054820866
INDUS,0.7044568980120822,0.7267825456595668,0.2997238712772493,0.680363264148842,0.022211930275900578,0.05964229404220516
IRRAWADDY,0.5557600398606268,0.5616314018363701,0.3121434515533476,0.541382391922815,-0.0344098479694868,-0.06521491218705253
ISHIKARI,0.25233558916856996,0.42966892442365967,0.4462412244507164,0.5669677773761886,-0.3174836557997279,-0.30941343011684336
ITAPECURU,-0.00556726561450512,0.33611016403361677,-0.14107503981843292,0.243585183994123,-0.08618439162879234,-0.19213147570737915
ITAPICURU,0.29324894388913575,0.5382952399042379,0.19040035527887267,0.48156565047444017,-0.17186880279154174,0.01093188831131506
JACUI,0.17186615137493008,0.5584238535569253,0.0381664179900884,0.5469594570261274,-0.046610609394408746,0.018630838394921394
JAGUARIBE,0.735663443728261,0.7907842342775493,0.4718915858769158,0.717558772682955,-0.14469745898433772,-0.1486044769205139
JAMES,0.5425457921834963,0.642270714991117,0.504821607383,0.6434475209516464,0.15837970883532007,0.35344908217070764
JEQUITINHONHA,-0.009745951449279014,0.4060259325449358,-0.04150862445314994,0.36279592734507504,0.296270347894312,-0.09558182024285428
JOKULSA A FJOLLUM,0.9696290254514334,0.7745966692414834,0.9696290254514334,0.7745966692414834,-0.9999598921436066,-0.8660254037844387
JUBBA (also GENALE WENZ),0.5849892014277761,0.5980250084242037,0.2890396001476569,0.5673095558711422,-0.06849646666783907,-0.0773032222239581
JURADO,,,,,,
KALIXALVEN,0.6697409849587476,0.7877263614433762,0.7021658718434602,0.8051136086710518,0.36488696612087024,0.3086066999241838
KAMCHATKA,0.2451418259193241,0.6683659126456508,0.2207600895567968,0.6555712511233357,-0.1721272821222137,0.09950065906762501
KAPUAS,0.15803555048535256,0.5753091733476937,0.1591469745241686,0.4946922839405587,-0.02590417495589988,-0.004403454229974594
KARNAPHULI,0.6097191341104339,0.7326950970650465,0.6398066820770038,0.7562376774775251,-0.16796517935045407,0.013231403100624081
KELANTAN,0.2189256524125325,0.3672398873558466,0.1271881853833792,0.27020827855931334,0.08640468137130117,0.10087297773579687
KEMIJOKI,-0.12581391159887728,0.4064854270862734,-0.004432264182767848,0.385271791485028,0.05158209601065851,0.21687007691793497
KEM,0.3124986102492067,0.6922306049552819,0.2237193748039983,0.6478951576964804,0.0560938101707565,-0.08859062359562161
KHATANGA,0.5686587891342342,0.5793943553711507,0.25908999897625684,0.518387563717211,0.010271128972261274,0.005892997613564827
KINABATANGAN,0.4240936080686528,0.6086976429335179,0.571498290897572,0.6793838022007778,0.422066481643263,0.5120357316573165
KISO,0.736981540904646,0.8451542547285167,0.73267758844771,0.8247860988423227,0.32287010616808115,0.40824829046386296
KITAKAMI,0.12311166656112339,0.4264014327112208,0.0949437175037615,0.38533731779422614,0.4999801115604025,0.4107919181288746
KIZILIRMAK,-0.050109973685780955,0.6085687411821056,-0.03266403781988045,0.5746572012417155,0.26901681697384305,-0.02784308255476828
KLAMATH,0.18439113482008715,0.45152945047836185,0.053046263752336,0.41882340524995926,0.29143237965379515,0.3296565552936758
KOBUK,-0.14915626195135273,0.11081599475697448,-0.23889422225865597,0.05389220940501084,0.17541877731499214,0.20859362425558234
KOKEMAENJOKI,0.3229180632215597,0.5250022182739293,0.3474503186408851,0.544349990747774,0.32246398949056043,0.4242031060948064
KOLOK,-0.17407733155713043,-0.2581988897471611,-0.17407733155713043,-0.2581988897471611,-0.5016968735297342,-0.8660254037844387
KOLYMA,0.6305998245830527,0.6481310727838211,0.2648679497885378,0.5956836965996987,0.006391492678046824,0.027678390329494172
KOUILOU,0.22629155895731548,0.5980785666231918,0.18528095230605704,0.5673214162584808,0.06321494325318991,-0.0747314280413326
KOVDA,0.21544902354823567,0.5631011606122981,0.10593873485046962,0.458179254948401,0.09631420012076149,0.35580145593039647
KRISHNA,0.5647690692987545,0.5765748965408752,0.24004955615800586,0.4890730538542475,0.08419939510825054,0.15348629572285305
KUANTAN,-0.09724644363532953,0.0,-0.19659173512166978,-0.11009637651263607,-0.17424915997807205,-0.372396623619252
KUBAN,0.24569296782799616,0.5584105896909558,0.3539261772966105,0.5336916224356875,0.14321148771748746,0.05310807062747431
KUNENE (also CUNENE),0.6076845864249575,0.6312409203845437,0.41138044066664353,0.5884156231607995,0.01877762833257375,0.01474829586278033
KURA,0.4939264618231801,0.4866990585512791,0.22615037223185838,0.40513815344940746,0.02301101623627911,-0.023786695140530632
KUSKOKWIM,0.6560927708327843,0.7160283991730328,0.44169176735227816,0.6843604450268262,0.05370210800070739,0.007278828662131951
KYMIJOKI,0.20180734997336658,0.48122447405980634,-0.056708378297707716,0.36287810372021956,-0.11506421828397834,-0.004845572985651331
LA GRANDE,0.5160612534842505,0.5401143469560541,0.5282061927110318,0.5900989364209199,-0.04316882438309367,-0.05384368086277711
LAGARFLJOT,,,,,,
LAKE BALKHASH,0.5912216785262789,0.5974965759398677,0.30911324792097783,0.5603968069530738,-0.0070883674933851235,-0.014783619561023295
LAKE EYRE,0.5957282157102481,0.617691027311776,0.20940138584537918,0.5884908705196221,0.001353616516295324,0.05894198731030649
LAKE GAIRDNER,0.2358761429955066,0.5075818970158258,0.20860672526450508,0.51640014061559,-0.08337789360594695,0.048303765007410196
LAKE NATRON,0.3278263145838311,0.5171965391047386,0.41614339079469437,0.5542592375175908,-0.36155215281787684,-0.28264870325036523
LAKE TORRENS,0.06150677936252057,0.3388690489706786,0.16507677749897992,0.3793705552056252,-0.14680394906816305,-0.1295277060176904
LAKE TURKANA,0.7133384393669029,0.7402668230024992,0.4458076159350042,0.6988083480097157,0.07239932053626592,0.07691706986390859
LAKE URMIA,0.13801038548928116,0.44705136873415985,0.034527058633210525,0.38532754686778825,-0.22532339408681495,-0.3097101582479395
LAM (also XONGKA),-0.22928750160405348,-0.13072174640400053,-0.4310478835710627,-0.263257241245336,0.33293420784065936,0.20519567041703082
LAUCA,0.1656915505115271,0.32225169331774484,0.004943225360852126,0.25730193842208593,-0.22566930912092203,0.0
LEICHHARDT,-0.09732334227853538,0.33572827179993125,-0.22310813994456838,0.24168165305640263,-0.29041192814445965,-0.176464367670626
LEMPA,0.4204550808301918,0.6331099093758497,0.43922836098965856,0.6345924509017682,0.11860083290675849,0.39519054539730303
LENA,0.6445006574540536,0.6660218667635684,0.2204733021463308,0.6010683128739077,-0.00294039507962601,-0.01247732441664264
LIAO HE,0.610431182245744,0.6174013363629012,0.336677640305792,0.5863835671929438,-0.014162253113204156,-0.02645113869507457
LIMA (also LIMIA),,,,,,
LIMARI,0.4360973490623341,0.5370861555295746,0.4419773143633523,0.5366583287089222,0.01675522329534474,0.21077836624057136
LIMPOPO,0.5177825687843929,0.518331810223863,0.21648395375272966,0.4425682080898454,0.07622339757866674,0.05608888802883237
LITTLE MECATINA,0.14510887113203083,0.4509560339299332,0.30643635172064176,0.4834543824443114,-0.17192366045873947,-0.23053472298853672
LITTLE SCARCIES (also KABA),0.47004638526799675,0.6149400462680908,0.5211085111568845,0.6369480510430439,0.0706905429025251,0.19287918745261487
LOA,0.5022879025648225,0.8044959410094956,0.36050044118396274,0.752137331211567,-0.14474854476076185,-0.008088877548394359
LOFFA (also LOFA RIVER),0.8297473613150946,0.8451542547285167,0.7150676550849123,0.7835467939002065,0.6480662727702028,0.6123724356957946
LOIRE,0.5672381896946267,0.5615031854879606,0.23364233830050146,0.4780998289227341,-0.07225591119431818,-0.19510602512526815
LORENTZ,0.7179254653273508,0.8280786712108251,0.717925465327351,0.8280786712108251,0.24538976582076424,0.0
LUAN HE,0.37988515584587584,0.6607655774573145,0.3563935394565258,0.6446396807498328,-0.13376537307585942,-0.05391657771223934
LULEALVEN,-0.024423299824648498,0.3309438162646487,-0.05730073196135123,0.3037919078894355,-0.10244265971696188,-0.04178554470186725
LURIO,0.33588910106858527,0.8013745659998098,0.4158553596081272,0.7898621294642719,0.0554526401339382,-0.03242729078083853
MAAS (also MEUSE),0.25060724033928167,0.4530226849238788,0.14259128809798327,0.37867467555958095,0.2295227573172473,0.07937541242695918
MACKENZIE,0.6724989257870986,0.6991734872144871,0.21694630494440992,0.6506676633480823,0.005889135786432757,-0.02836050618558777
MAE KLONG,0.21978874741251422,0.5611656014922304,0.15162106968306285,0.4978458640706414,0.33405727886465464,0.02185094306335153
MAGDALENA,0.6449604296618339,0.6642937992760657,0.411072425475964,0.6365014049767116,0.06083665054663599,0.055981514060838206
MAHAKAM,0.5865201114815637,0.6334097037253815,0.351282653926536,0.6011563082736411,-0.2765568158869329,-0.2284437138649687
MAHANADI,0.4418342561034614,0.4306611430625507,0.20735776891185972,0.36400413233806567,-0.029551817356852472,-0.022366116272944114
MAHI,-0.033520605382050934,0.16210860282576725,-0.06130136398536222,0.11574823711857431,0.016668009820204513,-0.004223778378997586
MAJES,0.18351845948347514,0.6803091303374613,0.12995862749395604,0.6011813501488896,-0.18180037209381195,-0.2279211529192759
MAMBERAMO,0.6896212340391238,0.7554003777002833,0.5933182949276595,0.7624925938563398,-0.07184162667853751,-0.13646127795374802
MANGOKY,0.13608707659110386,0.6366783812379361,0.12276131313913743,0.5863000317875683,-0.014187393721721146,0.03177980194511263
MANICOUAGAN,0.11336901555027389,0.6528993205828227,0.19084587919904755,0.6807583582661556,-0.07632349611979793,-0.2296677007052859
MANO (also MANO RIVER),0.05909668824042983,0.16903085094570333,-0.006609772758331207,0.12371791482634838,-0.47508575217115495,-0.40824829046386296
"MAPUTO (also LUSUTFU, also USUTU)",0.22431545719499343,0.4288614750612719,0.31555402169610675,0.46716923276088757,0.15950801514781185,0.10254693972065274
MAR CHIQUITA,0.501829899097169,0.49926709688535365,0.30302018333406683,0.42457704840035704,-0.12697817009878581,-0.16052204396752917
MARITSA RIVER,0.2522062489684767,0.6539406695844145,0.08351928485542352,0.5607935248417116,0.02945343325671433,-0.12426092509779657
MARONI,0.0729380704911122,0.7646904577846555,0.1885014111199419,0.7426880715672772,-0.06802677784194278,-0.17707953402631327
MA,-0.03540002199240173,0.1630881665725964,0.030204961479107197,0.16180775193767877,0.325321542880183,0.12286017300342852
MBINI (also WOLEU),0.22879523951328642,0.4264014327112208,0.2852337753404417,0.4716085478600047,0.01197232995564885,0.4099457958749615
MCARTHUR,0.2897808165401114,0.5602962506968002,0.03946891551955353,0.4330017957750232,0.09176425866875114,0.31041394678692186
MEARIM,-0.16560776763392812,0.20845580717403378,-0.1509569104764274,0.20819253139347055,0.11280564720779811,0.052537830531770614
MEDJERDA (also MAJARDAH),0.24764660384909562,0.4236253652069069,0.28575162981114677,0.43871421883066797,0.2256311175791924,0.18657235951651877
MEGHNA,-0.05140401515103999,0.549293800574404,-0.007496167546998032,0.4802285827178362,-0.04681780205539458,-0.18146340781075446
MEKONG,0.5836044756743589,0.5955763695931614,0.23386126441122293,0.5486610666152961,-0.005616426620470699,0.08921092762428436
MELRHIR,0.6613623142273598,0.690370261964053,0.4056006976937538,0.6613542394928462,0.03877783628088585,0.07378059146703818
MERIN (also MIRIM),0.24995089539538776,0.7982600385208689,0.17443307456489507,0.7647884350047933,0.3762657785447569,0.3830086838576151
MERRIMACK,0.24195140218667183,0.4162052056699595,0.19031937128523166,0.3759419527781751,0.21662103094226445,0.2988071523335984
MESSALO,0.6141087622239202,0.7111452412690157,0.6757476854016428,0.7002557657287858,-0.23274864780211063,-0.6167993538270776
MEZEN,0.023072655523342252,0.7653206990056424,0.08753148792396771,0.7104619600031855,0.058840032094277954,0.04370701184177699
MIN JIANG,0.37857469061729176,0.688297476518036,0.03130423099873106,0.6259275175537877,-0.032686354890879614,-0.23389642240127767
MINO (also MINHO),0.498939214276278,0.7756156953304031,0.5219777907358971,0.7566218100606573,-0.19575360670990935,-0.15759632390125583
MIRA,-0.2476492076926343,0.07344797747116932,-0.30140891188817154,-0.05874093012158987,-0.2235805618318852,-0.49728868607282567
MISSISSIPPI,0.5843666993766476,0.5977267034540648,0.1997675187207371,0.554081790671455,0.006441971872297127,-0.03127686917302876
MITCHELL,-0.007591592777026311,0.37923234308765574,-0.16585266341230415,0.21159569142138346,0.2464724277673164,0.04964300623258652
MOA (also MAKONA),0.28576151639802755,0.49674263633520205,0.3117477516048307,0.5133103575379279,-0.29299814093918836,-0.3131121455425747
MOBILE RIVER,0.5280987000835049,0.5314601780001716,0.2998694454329335,0.43420160869167923,0.21345540374418173,0.21284849846432374
MOGAMI,-0.15480882082297684,0.0,-0.15480882082297678,0.0,0.1909904850422633,0.7905694150420949
MONO,0.26265154954977527,0.2596413528687494,0.2381263826863288,0.23723065166399082,0.5351281525608447,0.3711537444790451
MOOSE,0.6126884829467356,0.6294430727000271,0.38124630766874595,0.5913486279577054,-0.001581121070152438,0.016425295098656534
MOTAGUA,-0.3500773739689356,-0.2132007163556104,-0.4092828104911741,-0.30276503540974914,-0.5153175630017965,-0.877792041388237
MOTALA STROM,0.25815937510824505,0.4236253652069069,0.37986347788874475,0.5208936107144095,0.39048670260531937,0.32478764290996814
MOULOUYA,-0.0712475306401532,0.745049169533755,-0.0764236198568296,0.7305402953280847,-0.11964946188873743,-0.07357999574732565
MUCURI,-0.015577842130402683,0.17137861409939506,-0.08940784698380039,0.11748186024317973,-0.03857120388549335,-0.05976143046671969
MURCHISON,0.1969720570862819,0.6217892890568875,0.3531093461148309,0.6138462021505935,-0.07945676706825472,-0.05560493116279097
MURRAY,0.6751500409721324,0.7127229362180407,0.28970787947867105,0.6928313177647923,0.06395685381759085,0.038855173392264325
NADYM,0.08602832261347075,0.6018252401173667,0.2280087181703335,0.6063427164478463,0.21159462116571487,0.11347458088736416
NAKDONG,0.09333444532272701,0.3597215394180964,0.08633239250105255,0.33972112312512753,-0.04079198209877458,-0.022473328748774734
NARMADA,0.7029601817979184,0.7338418758708383,0.5607474386689523,0.7067438969484153,0.12781024162715143,0.16264603325719212
NARVA,0.3087711060598057,0.7755115491684007,0.10813514488338713,0.6931218338199759,0.16331952978096276,0.04782352678724358
NASS,0.23134048835724563,0.4270243715864017,0.040269279110241,0.30039384267492886,0.04929091630212548,0.372686168923429
NATASHQUAN,0.1359610642309067,0.36634754853252327,-0.05884413508344859,0.2422234966958088,0.2978769016077496,0.15309310892394865
NEGRO,0.5246282258297726,0.5453759759634281,0.35464444170373416,0.5230601413104677,0.10656713829071954,0.13651576487724423
NELSON,0.6632537860103744,0.6867319276861021,0.31394717410203204,0.6538627162138511,-0.04830791778825386,-0.031193205473500855
"NEMAN (also NEMUNAS, also NYOMAN)",0.675010041364047,0.6869174292865531,0.4925243530580544,0.6618719424576884,-0.07643653341902606,-0.07870084498284002
NESTOS (also MESTA),-0.06505631164757159,0.2581988897471611,-0.06505631164757159,0.2581988897471611,-0.5181465530270766,-0.8660254037844387
NEVA,0.498229809004812,0.5022605621102482,0.3041648620829675,0.4873482886438617,-0.005003200393630479,0.015018736721340114
NIGER,0.6403135437467528,0.658345107244289,0.22028898064954244,0.609432567735081,-0.01205772806288168,0.034910496213131526
NILE,0.6109469780529739,0.6261166295304543,0.17626416469428,0.5850068171261823,0.029869971571546517,-0.008035197409415934
NOATAK,0.290969934061565,0.5225437283634242,0.3764779288987172,0.5646150138119365,-0.22671246039554543,-0.2293562696549517
NOTTAWAY,0.06729510792416989,0.7323222884900885,0.11018705158339828,0.6680219572502516,-0.09048889403393127,-0.08707104897173282
NTEM,0.12813668164805422,0.3085987144827651,0.09084869699045033,0.3124467254354833,0.2486498616041961,0.23012814461058478
NUECES,0.0533362801875854,0.5382998140132409,0.012528897254907637,0.5028038748811711,-0.07281662052039549,0.07085008174247985
NUSHAGAK,0.1387347949638179,0.4530226849238788,0.058501856404765636,0.41824701057980707,-0.20403315468849026,-0.16283473681973237
NYANGA,0.09417467839680241,0.4172769857249918,0.16656644466988507,0.3897940976992757,0.06888639349642636,-0.004894022719367769
NYONG,-0.027354171801990432,0.24461064680430555,-0.07242741433349073,0.15339076785929676,-0.2146016538675255,-0.32498869789589396
OB,0.6408093066194085,0.6666125187050136,0.2123608546555293,0.6314167277884838,-0.007729378999635039,-0.02672782507379726
OCONA,0.18163123877341344,0.43099711592061557,0.15213515933426847,0.42129208669861906,-0.20912686425211174,-0.3061862178478973
ODER,0.480294127631885,0.4904976151474372,0.19082816564962776,0.4013464113084728,0.06017571788130627,-0.03983985887871337
OGOOUE,0.5210261166535743,0.5360378201134735,0.09798056100464513,0.4180494361384428,0.007081244854478045,-0.029138792189229535
OIAPOQUE (also OYAPOK),0.12639370831963323,0.44000906481279684,0.015530660498774652,0.4311157773900436,0.16681657720521315,0.10357816904981723
OKAVANGO (also CUBANGO),0.6405882777628455,0.6607339872171839,0.23008952835637475,0.6091813382531779,-0.030934177319081484,-0.07233927721050114
OLENEK,0.6320285507442466,0.688945008008806,0.3680798264998826,0.6062923716716266,0.011560336322889503,0.07851101404326707
OLFUSA,0.3864354592128089,0.50709255283711,0.2863027523915849,0.37115374447904514,0.2657050047340351,0.40824829046386296
OLIFANTS,0.14280778393578658,0.5213622308548567,-0.016960051921510386,0.41864387025590705,-0.06489331929315277,0.0018155410421079724
OMOLOY,0.2977699660399284,0.531270904440233,0.12827649870234686,0.46041849597774115,0.06539624173349293,-0.05601542634396164
ONEGA,-0.10671986747237701,0.6634513468526884,-0.11195632429576359,0.6118226166467138,0.032815077971280616,0.014686087256641136
ORANGE,0.611618005023324,0.6335337620204845,0.22634843773742616,0.578404445676594,-0.06521044762960244,-0.026808344917379195
ORD,0.1217695721403283,0.6848431760360778,0.13954208878235752,0.6463346379242821,-0.07076301459509882,-0.09719456952108671
ORINOCO,0.6077910125713086,0.6247253803263734,0.2647512684495939,0.5860530460212384,-0.01826311759102977,0.027720514867702585
ORONTES,0.3365381629878039,0.481867101688636,0.387473163869317,0.528110459353613,-0.025191695483818027,-0.10342024092899767
OUEME,-0.12231875701255791,0.5052160904746741,-0.08384587384319986,0.4625323314742718,-0.04495588168983113,0.055447272076433705
OULUJOKI,-0.036316416126858465,0.15100756164129295,-0.17068484493483024,0.07510876743546502,-0.16159914948645424,0.11863144089754644
PAHANG,0.20975501009476136,0.37642260777568054,0.13319005321856062,0.34154801232127174,0.18029498983713138,-0.11354322819133905
PAKCHAN,,,,,,
PALENA (also CORCOVADO),0.5088539823880521,0.5012804118276031,0.4755637806582273,0.41056287327241237,-0.07666931699175646,-0.0033623751814933467
PALYAVAAM,-0.27149032758783465,0.24418707826694389,-0.24945501168837575,0.24492872637795018,-0.03586119267554677,-0.005783683222756552
PANGANI,0.1315460185608553,0.6172663318325007,-0.01850658832977928,0.505693145321369,-0.10965577753026078,-0.05600052329428332
PANUCO,0.5905696458544692,0.6482835759024883,0.45273361100587256,0.6556969109005811,0.008319047843870652,0.007146204734059283
PAPALOAPAN,0.05428667572357879,0.5349054674654451,0.02764228238724563,0.5560575998895017,0.16332233103791888,0.04198148112052773
PARAGUACU,-0.08739137988567865,0.5242965552319167,-0.09270249099600701,0.4703253341368816,-0.1434229802060648,-0.08757917812829542
PARAIBA DO SUL,0.2915194750192327,0.5309723390281992,0.42142765173723107,0.5434198323541964,-0.29832665073438114,-0.33971240394050756
PARAIBA,0.3929865202559987,0.5664609010840024,0.3099784784291757,0.490870536237374,0.16176395465799462,-0.017633843477644927
PARANA,0.590559812308848,0.6028917401816016,0.15744904311139488,0.5520128728999694,-0.002815065373956239,-0.022406646217636668
PARNAIBA,0.4020518637924616,0.39332774047193964,0.16944787100775202,0.3328600799402176,-0.04408312373800468,-0.07660357288771674
PASCUA,0.004797203939180376,0.2132007163556104,0.05198558663581829,0.24771684715343115,-0.26134526062590696,-0.1950648980862749
PATIA,0.19133742763456152,0.43099711592061557,0.14966049314112037,0.41254501802187243,-0.3238980133074913,-0.18927085052175377
PATUCA,0.39244900334826716,0.47828670265295953,0.17242745213788574,0.3548587722991915,0.02491543472950877,0.4015734411404504
PAZ,,,,,,
PEARL,0.6574758727837625,0.7877263614433762,0.6275548672658751,0.7722492140123949,-0.22699115782268645,0.07715167498104596
PECHORA,0.5203333476154667,0.5212657180050573,0.20222016577428553,0.4670634707813183,6.445937372622059e-06,0.042890097140781895
PEE DEE,0.16281714594164454,0.4477285220902143,0.11895847845805446,0.41893078571545356,-0.16818032153405008,-0.1951800145897066
PENNER,-0.08909975611278036,0.3672826712207753,-0.18888720749257754,0.24437985689112823,-0.06318585966850161,0.051589697413602476
PENOBSCOT,0.47780934695126526,0.7233269967688029,0.46296932736336827,0.728704148087274,0.1612993272438219,0.11235934866351369
PERAK,0.5866098886251274,0.6969320524371695,0.6195064053095047,0.7068173525605206,0.28796267419363214,0.22225469660822375
PINDARE,0.12367436484210866,0.43652798061885956,0.10214450766013443,0.4217001979701627,0.15834580296752768,0.39177880685826855
PIVDENNY BUH (also SOUTHERN BUG),-0.07995614266830876,0.4923596579604032,-0.019630312140361983,0.4058895501505888,-0.03286558984404771,0.1868565631149517
PONOY,0.28629265442487645,0.5012804118276031,0.07959252070281243,0.36168634073998235,-0.38983167655669815,-0.42702164804965503
POOPO,0.15189254923025772,0.46241467268180725,0.26188632821629576,0.5078041559454982,-0.2009699564734106,0.05342940946530606
POPIGAY,-0.13096099693915153,0.40187500659699515,-0.11298589906675066,0.43748769815049976,-0.20142756181267962,0.11035726597716565
POTOMAC,0.17581086587343123,0.46848748060169065,0.34388662172951834,0.5124806465056072,0.05153246263922417,0.16360262823179028
PO,0.6789900673081521,0.7280530381084378,0.4373338229469003,0.6540404457058022,0.03436940837279191,-0.11986411425085504
PRA,0.24666326283913995,0.5141358422981853,0.3971365655964792,0.5991574872402167,-0.23412796205340716,0.10000000000000002
PUELO,0.10839404474005794,0.28426762180748055,0.03937766323846313,0.19266865889711307,0.25806959197504586,0.26599758829946574
PULAU (also EILANDEN),0.294246588702349,0.44094207999257545,0.3876103963311508,0.5221624447176656,0.2757426079654272,0.4133799853101745
PUNGWE  (also PUNGOE),0.05731197200889406,0.3183312368190975,0.035909499308217546,0.3212367094391356,-0.16467310469461138,-0.16605279103876788
PURARI,-0.04302380846613123,0.3058521455292496,-0.22463831535654785,0.21735914649441007,-0.11499330388352304,-0.0503579746698444
PUR,0.45585733691956454,0.4318983814005637,0.4012800715121944,0.4426696415450553,0.06552113100628865,-0.03234386869054636
PYASINA,0.5469305152955308,0.5334983802599598,0.2781932956701069,0.4910923241490798,0.11472272985360965,0.06845506739638212
QIANTANG JIANG,-0.07959139450824947,0.18744368523675356,-0.0043076260427362565,0.1899414395268791,-0.14073519620456282,-0.151229548090383
QUOICH,0.125387509896952,0.42176248989638454,0.3545613850674065,0.4861929472162236,-0.1307867372517178,-0.31137618438976383
RAJANG,0.26727536547969655,0.5213622308548567,0.057069343074567416,0.4349342187105074,-0.03006223800909811,0.07085191985864579
RAPEL,0.45335622400567394,0.7099971155546368,0.6152716261623874,0.7630702005377338,-0.09724857305373448,0.004743653678866376
RED,0.7065764402257022,0.7738454669748986,0.4972745444092999,0.7255797419430831,0.13887358772617542,0.03789675432676624
RHARSA,0.6139428902893296,0.6377173633220716,0.3608877660933731,0.6132487723317743,-0.06674778226728058,0.020283229622521267
RHINE,0.6777360624531646,0.7016893128179212,0.4223112049496914,0.6732104566173155,0.0007483520992899635,-0.05835825669981177
RHONE,0.6258310761778638,0.6435825784221488,0.3882001911970966,0.5629564842028288,0.051231091507176016,0.07582008415115674
RIBEIRA DO IGUAPE,-0.04948087295083838,0.2596413528687494,0.034634164705096955,0.21911342995618907,-0.2754966028052205,-0.2917587234503188
RIO DE LA PLATA,0.6284457633043458,0.6474057966568773,0.34560132218971784,0.6359500911725244,0.033770251027977524,-0.012026734059851447
RIO GRANDE (also BRAVO),0.6646704834917218,0.7033228158937137,0.3689208334291361,0.677360122570491,0.030536750951834484,-0.020994544817789583
ROANOKE,-0.19040016098466592,0.07843304784240031,-0.17325680880515215,0.039576542761475215,0.09006924470281427,0.1574251486080174
ROGUE,-0.3264914917053927,-0.17902871850985821,-0.42965455696927285,-0.23949500940890725,0.21702337106247055,0.07412493166611012
ROPER,0.1827859047044156,0.8402592481037761,0.03389541350276047,0.7646248807894792,-0.027969167622114065,0.08115222642567571
RUFIJI,0.4966912665797472,0.49794957138630375,0.33423154786050924,0.4931682061749938,0.0990128432265249,0.1311447962954203
RUKWA,0.41724261429097986,0.42345591845192954,0.27028932840065756,0.37987442927433535,-0.04137959267034625,-0.08433298903748528
RUPERT,0.31050043941099315,0.4902373306192016,0.41597617251628993,0.4961225005688224,0.038144055847068106,-0.08785675470864035
RUVUMA (also ROVUMA),0.621698902529587,0.6426736035907179,0.4120785290281413,0.6287999956082997,0.0968846141647677,0.09076094687381397
RUVU,0.27641438448325656,0.4509560339299332,0.4225142492574901,0.5420549136496825,0.027951186867665876,0.3048717552489807
SABINE,0.20522992103567997,0.655149055421458,0.3684328219089326,0.6777417812923675,-0.11157062653433067,0.06307030971430327
SACRAMENTO,0.06318092961121405,0.5394880060810825,-0.0941997110282343,0.5328714058611835,-0.05044358072063015,-0.10845013567279459
SAGUENAY,-0.052406863009682725,0.48426836623849334,-0.06564499172025716,0.4110384440220228,-0.02691187217332727,-0.05802072907709513
SAINT CROIX,0.9691828987528484,0.7745966692414834,0.9691828987528484,0.7745966692414834,-0.9999857980240324,-0.8660254037844387
SAINT JOHN (also SAINT-JEAN),0.12944974988276894,0.5218913843031965,-0.08190531514245453,0.4081859129904888,0.18839644491709429,-0.16827708980876235
SAINT JOHN RIVER,0.08458955128260265,0.28697202159177565,-0.18455252460825275,0.1318511952120849,0.37759427906782433,0.24743582965269673
SAINT JOHNS,0.5026377665816788,0.6474987709525735,0.5050107107137082,0.6698475870629775,-0.19684415789669588,-0.12477265553083162
SAINT LAWRENCE (also SAINT-LAURENT),0.6210753876135984,0.6371547851824713,0.3193307572962534,0.5956913621236943,-0.035509262888827144,-0.0384042012326989
SAINT PAUL RIVER,0.5410303152385352,0.7106690545187014,0.5432363718551975,0.6881023532039754,-0.24940234323179272,-0.4107919181288746
SAKARYA,-0.10515582681489016,0.7000422774483374,-0.10415055816216537,0.6392684784075818,0.28147082810188034,-0.024784027316573802
SALAR DEL PULAR,,,,,,
SALINA DE JAMA,,,,,,
SALINAS,0.41347654375493414,0.4654746681256314,0.3636147008029258,0.3958999135126834,0.4874937660325012,0.647167672623346
SALSA,-0.04921672153996274,0.29503393582418197,-0.05240613032796399,0.26175052314631747,0.26043658351365556,0.07713913287966706
SALWEEN,0.5736574932454178,0.5905803267231094,0.3452710334545855,0.5438192861280784,-0.051532809916953526,-0.021806593644626143
SAN ANTONIO,0.24032838703055637,0.46188350396080186,0.29352393274492816,0.439464526913881,0.3462538235995123,0.17213259316477406
SAN JOAQUIN,0.6230410490922113,0.6909246776733187,0.48488993111680123,0.695315265038002,0.062217928042185774,0.16336939230308556
SAN JUAN,0.049410412182041535,0.6018704474343699,0.002572196153707521,0.5590123906522532,0.030555353757099227,0.1331473954988059
SAN PEDRO,0.5177312934973357,0.6168106776267409,0.48150720155004434,0.6135195883995487,0.19543006274242186,-0.21708287181218025
SANAGA,0.6426628985676776,0.6703720861744293,0.4166327758385073,0.6243879979473388,0.007879628673714093,-0.07647652699255374
SANTA CRUZ,-0.17281712951967093,0.29698686594869167,-0.2031833590794239,0.2634645236604166,-0.06630722630531713,-0.06885840489949976
SANTA,0.3533540921010899,0.6197797868009122,0.2962101694063174,0.549857399228215,0.8040908119541033,0.41833001326703784
SANTEE,0.401086442448975,0.6161369308487783,0.2781765632637365,0.5442483125200608,-0.21939600427002554,-0.3994501715614096
SANTIAGO,0.6607533163126376,0.7000347060242208,0.467524534556062,0.6781212095779519,0.013521924062596368,-0.0903535030328466
SAO FRANCISCO,0.6594622574771782,0.6789524609511258,0.3349265707128695,0.6478888359994275,-0.034550615696887284,-0.0011680135781592187
SARSTOON,,,,,,
SARYSU,0.5914484143054616,0.5786647950538922,0.3049971973619363,0.5570458303138706,0.1646540395873611,0.11450987322544945
SASSANDRA,0.0024152055918960818,0.5266264473422628,-0.0895169771192209,0.46696302858760785,-0.05933264744548478,-0.11650383131240405
SAVANNAH,0.26023958402180725,0.4028881241482679,0.043035628981577645,0.3162735532409742,0.017037463086607117,0.16073991593304593
SAVE,0.6531408820656283,0.645976354258061,0.44799346497616477,0.610309470979679,-0.3282626657745901,-0.19281344938873077
SCHELDE (also ESCAUT),0.21365374533455822,0.5738287342369132,0.3049563836966965,0.5918666657565633,0.051244138028706906,-0.009691385397280603
SEAL,0.07951652756109205,0.49986275741754305,0.21179200351814084,0.48791919364544223,-0.04913406161421148,-0.18949830629128286
SEBOU,0.27745751405706043,0.5165374786121205,0.12452105629352649,0.4398861348095971,-0.04408431446672857,-0.015091631194569003
SEINE,-0.10668866312872514,0.6047358180259921,-0.0602586585210749,0.5852644161272724,-0.0878305486129678,0.015044020524125559
SEMBAKUNG,0.5077407972073116,0.50709255283711,0.521758142840822,0.4948716593053935,0.4736831559430537,0.6123724356957946
SENEGAL,0.6232684620384192,0.6337958086577776,0.4045335591446934,0.6089871360375172,-0.012788633927560092,0.0032443614966458333
SEPIK,0.6324051852750677,0.6390795564063946,0.327200937834439,0.5438603173924204,-0.06382041182075841,-0.13132403589543276
SERRANO,-0.16263466440112903,0.0,-0.395574943199641,-0.17595551711674817,-0.18428013178334346,0.12179969144117252
SEVERNAYA DVINA,0.6841699313241673,0.6995117966763823,0.404382498937893,0.6686205724457546,0.01930011001527639,-0.0533230990601349
SEVERN,0.6612639144560365,0.6769775206740233,0.44910822981384757,0.6562096133224887,-0.05838926574338043,-0.115591579833957
SHANNON,0.7433969221883209,0.8079277521828625,0.7844751542946792,0.8262890837103641,0.0466415525246562,0.223606797749979
SHATT AL ARAB,0.6545738563011815,0.684490369493045,0.2474107584004272,0.6499285432375437,0.03672675742770965,-0.0581722564513767
SHINANO GAWA,0.5003951051726747,0.6197797868009122,0.525893591739661,0.6323360091124474,-0.14986077439581139,-0.09449111825230683
SITTANG,0.28109686612003393,0.4488697029352172,0.17416151467042593,0.4259792666929552,-0.14381883798134848,-0.0791818644363969
SIXAOLA,0.7001920491615697,0.7745966692414834,0.7001920491615697,0.7745966692414834,0.9999999942519667,0.8660254037844387
SKAGIT,-0.2639759093144761,-0.05634361698190111,-0.24140924066834926,-0.027492869961410756,0.11517060876649625,-0.07559289460184546
SKEENA,0.05481771776994039,0.6687266690013609,-0.013513184803244796,0.6244675825531261,-0.0015281531579212492,0.09785858809596987
SKJERN A,,,,,,
SOUTH ESK,0.20837900656174393,0.28426762180748055,0.0366217724868453,0.11009637651263607,0.18165489047379796,0.35136418446315326
SPEY,,,,,,
STIKINE,-0.0749972781552767,0.4272046005593395,0.035502254005223104,0.4455164097826591,-0.18331190192642627,-0.2753759013699094
STRUMA RIVER,-0.12603515992442682,0.07344797747116932,-0.1830695966860756,0.011748186024317972,0.0472980129148758,0.29814239699997197
SUCHIATE,,,,,,
SUNGAI FLY (also FLY RIVER),-0.06934455321186839,0.6422987933605812,-0.07623085032385046,0.5689359858001122,-0.046493400886440696,0.03139369466318364
SURINAME RIVIER,0.2175444765631297,0.5876093775450646,0.38108615976903665,0.6483221233830981,-0.06425912438313976,-0.014726199031778582
SUSITNA,0.2596085347840399,0.6206491445873897,0.06579281131859865,0.5835270205799425,0.19395442942574234,0.12642895277738822
SUSQUEHANNA,-0.06143817463776539,0.5733947531137181,-0.08095257354904542,0.4500311812537232,-0.048265652801529,-0.10885387177645812
SUWANNEE,0.43430327730382623,0.5323878783387826,0.3722459592281099,0.5015039579157538,-0.22271783106719836,-0.2177370723432061
SVARTA,-0.17297992231186193,-0.2581988897471611,-0.17297992231186193,-0.2581988897471611,-0.5953395804149023,-0.8660254037844387
TAFNA,0.47471384681451684,0.6210590034081188,0.4747138468145169,0.6210590034081188,-0.3261966357596491,-0.7378647873726218
TAGUS,0.05881553249675842,0.5421235243513258,0.11588495825862499,0.5522027086625229,-0.09773050522595794,0.15079885103279483
TAKU,0.33621343465647197,0.47409682751267707,0.2528249049871234,0.4292036094854107,-0.03626502395333162,-0.24248757439197116
TALAS,0.0567827365820008,0.6513293896652509,0.15918551686379495,0.6781419041600708,-0.13289129973586436,-0.058286108262478875
TANA,0.5322053312556908,0.5859245103172918,0.3328970333197664,0.5300638644736665,-0.0029650049142292026,0.06570879653376577
TANO (also TANOE),0.26377680013447263,0.4509560339299332,0.1098607954566159,0.3353252618974012,0.21697740222772274,0.12371791482634836
TAPI,0.24074007613849252,0.6829193089288182,0.24629001872538964,0.6815878288296643,-0.11901809687366176,-0.008912629685617509
TARIM HE (also TALIMU HE),0.5684046590047279,0.575601654283216,0.2222985386876149,0.5634735536778654,0.01498143191283915,0.021909884253795302
TAZ,0.5360452387152971,0.5420394156984529,0.35979927047719706,0.5201391227674057,0.008626550853390827,-0.057680319323048984
TENRYU,,,,,,
THAMES,0.277223539321016,0.3962946964838807,0.19822651108645634,0.3818438571303962,0.037271497355469675,0.19447285953219579
THELON,0.5609969567998949,0.5660702633698452,0.39830398511297904,0.5585942023477531,-0.0453570694674183,-0.06243546685305601
THJORSA,0.22152703137834556,0.3944053188733078,0.29419975820842387,0.4811252243246882,-0.34851672004109757,-0.20412414523193148
THLEWIAZA,0.3232965903869948,0.6732529520767538,0.2780693426103315,0.716719228255514,-0.10296288093243289,-0.038882173949793555
THU BON,0.4269805369967213,0.5685352436149611,0.45490181603490315,0.5780059766913392,0.480148619082214,0.5270462766947299
TIJUANA (also TIA JUANA),-0.17405428893366157,-0.2581988897471611,-0.17405428893366157,-0.2581988897471611,-0.5143400365973726,-0.8660254037844387
TITICACA,-0.02791882877978578,0.7523242785703567,-0.05165863869442358,0.6514647379373596,-0.0470245379320438,0.1456094261547398
TOCANTINS,0.5969202233626327,0.6061182242234363,0.30354629551987466,0.5668867354386646,-0.0285194789123568,-0.06821870514291484
TONE,0.4203549753910814,0.581846106492831,0.25421757761640823,0.49136603188611083,-0.26492184453075107,-0.2041241452319315
TORGHAY,0.6098922952559949,0.6090143997671221,0.39426754186308566,0.5942298943683844,-0.02765772696568291,-0.013414090032977827
"TORNEALVEN (also TORNIONJOKI, also TORNIONVAYLA)",0.19055696129041574,0.605587290764896,0.09122414187571667,0.5494789703866008,-0.11869359371344777,-0.18547162802488573
TRENT,-0.0315232827438642,0.25064020591380154,-0.16817551338322165,0.15151725085053314,0.44813098594454825,0.1045064291978232
TRINITY,0.3136167411777798,0.688297476518036,0.15005952051546032,0.6084366722279031,-0.08193986700348484,0.030920150661683413
TSIRIBIHINA,0.20000654422409708,0.586036137149642,0.33423326423807903,0.587437270814944,0.2876421562147009,0.2902625120666978
TUBAN,-0.1629719239287894,0.0,-0.16297192392878934,0.0,-0.24101799741409827,0.35355339059327373
TULOMA,-0.09349920219791226,0.33572827179993125,-0.08397023897751632,0.3066348425835149,-0.11058641397469067,0.05475238075116138
TUMBES (also TUMBEZ),-0.09136211819339901,0.2581988897471611,-0.09136211819339901,0.2581988897471611,0.5189927512376676,0.8660254037844387
TUMEN,0.004866294769090359,0.49850561570292823,-0.1401595953249626,0.4101751962058994,0.09107526633713241,-0.08628171358897432
TWEED,0.9757501167151353,0.8280786712108251,0.9757501167151355,0.8280786712108251,0.17114519909431705,0.31622776601683794
ULUA,0.04878717505099227,0.2801481253484001,0.005231471094614375,0.2591191848732422,-0.3579823108334588,-0.15431223678285752
ULUNGUR HU,0.15461831128729084,0.5822287696627737,0.010867872818039062,0.5242126543838939,-0.06434382584786584,0.009207656783864582
UMBA,0.7130358669289846,0.7745966692414834,0.7130358669289846,0.7745966692414834,-0.9996395822578424,-0.8660254037844387
UMBELUZI (also UMBULUZI),0.30304665156341165,0.43519413988924455,0.3030466515634117,0.43519413988924455,-0.36322836860847557,-0.6240896334821996
URAL (also ORAL),0.6362168344533915,0.6548319691143597,0.23128276777033352,0.5445752977931159,-0.048935239888425644,-0.10667249512556737
URUGUAY,0.5649065546010927,0.5748453894778535,0.2945797171160295,0.5195185491745228,0.033585216308777345,0.009234613190881499
USUMACINTA,0.5414697754303038,0.5599508802187002,0.33264989162705394,0.5109316259890261,-0.06913732745330188,-0.01492962516399282
UTAMBONI (also MITEMBONI),0.5396249319636556,0.6210590034081188,0.5396249319636557,0.6210590034081188,0.7694959176213458,0.9486832980505137
UTHUKELA,0.20355384629469775,0.4654271779792929,0.39243880352997973,0.5482057730118648,0.18777670746002692,0.10681401533555958
UVS NUUR (also UBSU-NUR),-0.175797406886767,0.4102216371386754,-0.1436708154294818,0.4342514407376819,-0.035338981299476206,-0.022655219283549185
VALDIVIA,0.02795065816172275,0.17764934669967067,0.042122759316520056,0.23235604923253894,0.15322465742716626,0.4872506810257213
VAM CO,0.6580500395839791,0.7519206177414045,0.6052162671113746,0.7184850282267218,0.05822082724050058,0.14638501094227999
VARDAR,0.19244637899536687,0.28389421588563074,-0.04429227263389508,0.18444890455547094,0.12279296749407406,0.08541182033748598
VARZUGA,0.6029481048143496,0.3944053188733078,0.5489158660276964,0.4398859193825721,-0.24436387051498604,0.3162277660168379
VASA BARRIS,-0.15237761822239385,0.32225169331774484,-0.1044356162279603,0.38612460700619744,0.4294429044599018,0.1336306209562122
VERDE,0.20851311650185037,0.43099711592061557,0.027445424503101515,0.2998451612800081,-0.37759371785607587,-0.6593661395050775
VICTORIA,0.6718072869755135,0.7315361362789962,0.43603064365026045,0.6668319616328781,0.022649892573687085,-0.004808694998205456
VISTULA,0.6239404512146887,0.6455060258662476,0.4128087017521279,0.6304654698549086,-0.03884628158138234,-0.10043769560191963
VOLGA,0.5738502370307171,0.588028514883459,0.18847635860314393,0.5289583230467619,-0.024026929196752124,-0.020443378246392866
VOLTA,0.5716657270377099,0.5843272537923887,0.29288166387502723,0.5372407406764553,0.06762306418093118,0.05182504307019436
VYG,0.22792399053971013,0.37677438217371323,0.024473415058559857,0.35146223767379176,0.184431502002877,0.36371543486209307
WAIAU,0.438288778523837,0.6197797868009122,0.48326175525232645,0.6323360091124474,0.5475855635147632,0.474341649025257
WAIKATO,0.08522832694776004,0.20701966780270628,0.08522832694776,0.20701966780270628,-0.17478374194450902,0.0
WESER,-0.048529596066996916,0.607925469941602,0.04285207873402772,0.6225261324143635,0.2607369477893086,0.25373581331895584
WINISK,0.14837324034308721,0.5633077473277541,-0.010619098191979473,0.4351435415853384,0.21249205112612646,0.09810905248454499
YALU RIVER,0.07144129501237254,0.7231523388771682,-0.09931235633324524,0.6181574831127441,-0.07343122637652351,0.07836519742159859
YANA,0.6942912699517533,0.7134715881049795,0.3926821708813059,0.6574393876695648,-0.07342174822427311,-0.04742826902480362
YANGTZE,0.6343690498258937,0.6508284631232406,0.20689668922389168,0.5967485325749701,-0.011752603675968918,-0.03844014326134052
YAQUI,-0.053678913844625295,0.6908293431777475,-0.06575103763829142,0.6474748255313272,0.07332505160903416,0.18136765523959322
YELCHO,0.20081190449425212,0.42966892442365967,0.26395281822605426,0.455792005204838,-0.16134738994429046,0.07822327734684299
YELLOW RIVER,0.6601014876108634,0.6994551761512858,0.3145279114591821,0.6660420779183037,-0.008109722563960756,0.033223295904597896
YENISEY,0.6452099521700384,0.6658365469606954,0.21119133642284302,0.6068091135798143,-0.022652855325882248,-0.028276204808266318
YODO,0.45288810549284436,0.6210590034081188,0.4528881054928444,0.6210590034081188,-0.39670068211293547,0.0
YSYK-KOL (also ISSYK-KUL),0.14708409213627732,0.5496675243743063,0.07394919682765058,0.46371590412523045,-0.08339168185596683,-0.04844944842561528
YUKON,0.5335276902689771,0.5401551124685711,0.22703711663865983,0.5025707743160214,0.050727276057259484,0.02998899413760251
ZAMBEZI,0.5874451494702009,0.6024512237961892,0.2479471875824625,0.5530988676894105,-0.02967740052778464,-0.02593586201759994
ZAPALERI,,,,,,
ZARUMILLA,,,,,,
ZHEM (also EMBA),0.17152018961258567,0.5688346767347132,0.1747285386104896,0.5041571288871807,-0.11263543294312153,-0.1579712777869594
ZHU,0.5881545566481725,0.5955093439801302,0.3580898536425277,0.5655060069118627,-0.046664808376346185,-0.004255857655766109
